"日付け","終値","始値","高値","安値","出来高","前日比%"
"2018年09月17日","713,078","700,627","722,250","700,327","0.01K","1.78%"
"2018年09月16日","700,627","721,089","726,269","700,357","0.01K","-2.84%"
"2018年09月15日","721,089","716,697","728,228","707,125","0.00K","0.61%"
"2018年09月14日","716,697","713,705","728,123","703,367","0.01K","0.44%"
"2018年09月13日","713,542","688,904","726,728","685,475","0.01K","3.58%"
"2018年09月12日","688,904","686,543","703,232","683,770","0.02K","0.34%"
"2018年09月11日","686,543","693,540","711,194","685,990","0.01K","-1.01%"
"2018年09月10日","693,540","706,181","706,980","678,129","0.01K","-1.79%"
"2018年09月09日","706,181","682,114","713,775","672,810","0.01K","3.53%"
"2018年09月08日","682,114","713,155","717,914","679,335","0.02K","-4.35%"
"2018年09月07日","713,155","717,926","722,513","690,136","0.02K","-0.66%"
"2018年09月06日","717,926","742,003","814,693","694,610","0.04K","-3.24%"
"2018年09月05日","742,003","814,788","816,147","742,003","0.03K","-8.93%"
"2018年09月04日","814,788","796,762","815,182","794,958","0.02K","2.26%"
"2018年09月03日","796,762","806,988","807,068","790,709","0.01K","-1.29%"
"2018年09月02日","807,148","792,180","807,343","771,242","0.02K","1.02%"
"2018年09月01日","799,013","761,635","799,013","758,234","0.01K","3.26%"
"2018年08月31日","773,790","759,723","774,382","743,476","0.02K","0.93%"
"2018年08月30日","766,652","782,584","789,519","744,803","0.03K","-2.07%"
"2018年08月29日","782,851","795,904","800,427","762,689","0.05K","-1.64%"
"2018年08月28日","795,904","758,238","795,971","733,898","0.04K","4.97%"
"2018年08月27日","758,238","745,495","762,908","733,734","0.03K","0.95%"
"2018年08月26日","751,120","743,321","751,920","719,891","0.02K","1.05%"
"2018年08月25日","743,321","720,403","751,920","712,480","0.01K","-0.18%"
"2018年08月24日","744,679","724,898","744,679","704,412","0.03K","2.73%"
"2018年08月23日","724,898","704,454","734,328","690,472","0.03K","2.90%"
"2018年08月22日","704,454","705,207","750,810","688,893","0.03K","-0.11%"
"2018年08月21日","705,207","690,700","713,169","687,059","0.03K","2.10%"
"2018年08月20日","690,700","715,464","718,897","686,341","0.01K","-3.46%"
"2018年08月19日","715,464","696,533","724,089","690,275","0.02K","2.72%"
"2018年08月18日","696,533","729,586","733,513","687,569","0.04K","-4.53%"
"2018年08月17日","729,586","696,588","729,586","689,070","0.04K","4.74%"
"2018年08月16日","696,588","692,977","726,966","686,587","0.04K","0.52%"
"2018年08月15日","692,977","688,140","725,966","660,126","0.03K","0.70%"
"2018年08月14日","688,140","705,693","722,372","653,644","0.05K","-1.36%"
"2018年08月13日","697,650","692,188","721,331","676,713","0.02K","0.79%"
"2018年08月12日","692,188","684,440","713,997","670,818","0.04K","-1.98%"
"2018年08月11日","706,175","677,928","724,342","669,454","0.03K","2.59%"
"2018年08月10日","688,327","727,152","740,117","670,733","0.05K","-5.34%"
"2018年08月09日","727,152","700,882","741,931","692,574","0.06K","3.75%"
"2018年08月08日","700,882","757,066","809,364","693,846","0.04K","-7.42%"
"2018年08月07日","757,066","771,162","809,675","752,348","0.02K","-1.83%"
"2018年08月06日","771,162","781,163","808,232","771,053","0.01K","-1.28%"
"2018年08月05日","781,163","778,266","829,270","770,302","0.01K","0.37%"
"2018年08月04日","778,266","827,144","839,193","778,238","0.02K","-5.91%"
"2018年08月03日","827,144","844,030","862,726","815,124","0.02K","-2.00%"
"2018年08月02日","844,030","847,830","867,063","836,316","0.01K","-0.45%"
"2018年08月01日","847,830","868,340","913,831","837,202","0.02K","-2.36%"
"2018年07月31日","868,340","898,259","915,974","857,926","0.02K","-3.33%"
"2018年07月30日","898,208","908,315","915,873","868,084","0.03K","-1.11%"
"2018年07月29日","908,315","888,879","913,361","877,205","0.03K","2.19%"
"2018年07月28日","888,879","891,218","898,428","850,296","0.01K","-0.26%"
"2018年07月27日","891,218","874,574","919,004","847,293","0.02K","1.90%"
"2018年07月26日","874,574","905,040","921,717","864,133","0.03K","-3.37%"
"2018年07月25日","905,040","932,740","935,769","846,334","0.04K","-2.97%"
"2018年07月24日","932,740","848,665","932,740","834,505","0.07K","10.10%"
"2018年07月23日","847,189","818,888","856,510","815,651","0.07K","3.46%"
"2018年07月22日","818,888","819,798","839,088","807,826","0.06K","-0.11%"
"2018年07月21日","819,798","818,107","860,016","807,758","0.01K","0.21%"
"2018年07月20日","818,107","841,055","861,825","816,308","0.04K","-2.73%"
"2018年07月19日","841,055","823,513","848,671","812,279","0.03K","2.13%"
"2018年07月18日","823,513","822,517","852,062","749,687","0.04K","0.12%"
"2018年07月17日","822,517","755,468","837,642","713,601","0.05K","8.88%"
"2018年07月16日","755,468","715,993","755,468","707,572","0.03K","5.51%"
"2018年07月15日","715,993","706,136","727,257","700,161","0.00K","1.40%"
"2018年07月14日","706,136","700,991","716,095","692,609","0.00K","0.73%"
"2018年07月13日","700,991","704,226","718,221","689,612","0.02K","-0.46%"
"2018年07月12日","704,226","716,237","720,224","688,249","0.03K","-1.68%"
"2018年07月11日","716,237","699,232","732,279","695,145","0.02K","2.43%"
"2018年07月10日","699,232","731,662","752,437","699,232","0.03K","-4.43%"
"2018年07月09日","731,662","744,155","750,949","729,626","0.04K","-1.68%"
"2018年07月08日","744,155","742,350","746,903","720,301","0.01K","-0.36%"
"2018年07月07日","746,831","720,629","746,831","712,269","0.01K","3.64%"
"2018年07月06日","720,629","718,151","733,585","708,085","0.01K","0.35%"
"2018年07月05日","718,151","728,901","744,991","704,732","0.01K","-1.47%"
"2018年07月04日","728,901","710,937","748,451","703,611","0.02K","2.53%"
"2018年07月03日","710,937","719,871","739,971","688,617","0.06K","-1.24%"
"2018年07月02日","719,871","697,269","738,841","686,615","0.02K","3.24%"
"2018年07月01日","697,269","699,893","711,836","685,396","0.03K","-1.15%"
"2018年06月30日","705,368","685,782","718,386","640,363","0.02K","2.86%"
"2018年06月29日","685,782","649,348","697,049","639,574","0.03K","5.61%"
"2018年06月28日","649,348","676,735","680,490","647,523","0.01K","-4.39%"
"2018年06月27日","679,171","668,597","687,935","658,439","0.03K","1.58%"
"2018年06月26日","668,597","691,998","692,977","668,078","0.01K","-3.38%"
"2018年06月25日","691,998","672,419","695,860","634,678","0.04K","2.91%"
"2018年06月24日","672,419","693,563","693,563","636,881","0.04K","-3.05%"
"2018年06月23日","693,563","660,767","731,325","657,561","0.01K","4.96%"
"2018年06月22日","660,767","736,441","749,330","655,362","0.06K","-10.28%"
"2018年06月21日","736,441","733,941","758,677","725,717","0.03K","-2.01%"
"2018年06月20日","751,562","741,300","763,404","722,114","0.01K","1.38%"
"2018年06月19日","741,300","749,975","758,431","708,645","0.04K","-1.16%"
"2018年06月18日","749,975","726,441","761,423","713,502","0.01K","3.24%"
"2018年06月17日","726,441","720,508","735,593","710,680","0.02K","-0.55%"
"2018年06月16日","730,457","719,389","737,936","710,680","0.02K","1.54%"
"2018年06月15日","719,389","746,913","747,609","705,026","0.04K","-3.68%"
"2018年06月14日","746,913","703,516","747,018","686,972","0.05K","6.17%"
"2018年06月13日","703,516","733,310","761,303","688,381","0.10K","-4.06%"
"2018年06月12日","733,310","756,197","764,050","716,382","0.11K","-3.03%"
"2018年06月11日","756,197","749,583","820,000","742,241","0.11K","0.88%"
"2018年06月10日","749,583","846,038","846,289","700,411","0.09K","-9.76%"
"2018年06月09日","830,681","835,295","846,289","829,745","0.01K","-0.55%"
"2018年06月08日","835,295","842,759","855,049","827,412","0.01K","-0.89%"
"2018年06月07日","842,759","840,606","858,546","818,450","0.02K","0.26%"
"2018年06月06日","840,606","817,929","846,490","811,071","0.01K","0.88%"
"2018年06月05日","833,264","827,479","844,177","807,955","0.02K","0.70%"
"2018年06月04日","827,479","844,905","855,573","820,461","0.02K","-2.06%"
"2018年06月03日","844,905","838,804","855,726","824,142","0.01K","0.73%"
"2018年06月02日","838,804","833,961","844,290","811,050","0.01K","0.58%"
"2018年06月01日","833,961","821,312","836,646","805,577","0.01K","1.17%"
"2018年05月31日","824,313","810,463","846,396","797,267","0.02K","0.66%"
"2018年05月30日","818,946","829,948","850,157","774,133","0.06K","-1.18%"
"2018年05月29日","828,699","789,279","837,477","773,756","0.05K","4.99%"
"2018年05月28日","789,279","806,530","817,265","783,452","0.03K","-2.14%"
"2018年05月27日","806,530","829,746","839,313","798,596","0.01K","-0.27%"
"2018年05月26日","808,678","816,057","850,864","808,678","0.03K","-0.90%"
"2018年05月25日","816,057","834,113","853,167","812,220","0.05K","-2.16%"
"2018年05月24日","834,113","842,477","879,302","814,177","0.08K","-0.99%"
"2018年05月23日","842,477","892,590","931,881","842,477","0.05K","-5.61%"
"2018年05月22日","892,590","935,786","947,237","886,557","0.02K","-4.62%"
"2018年05月21日","935,786","945,392","950,897","912,736","0.03K","-1.02%"
"2018年05月20日","945,392","904,128","945,816","904,090","0.02K","4.56%"
"2018年05月19日","904,128","917,200","929,265","885,149","0.01K","-1.43%"
"2018年05月18日","917,200","935,597","936,869","886,110","0.02K","2.46%"
"2018年05月17日","895,177","921,471","938,656","893,264","0.01K","-2.85%"
"2018年05月16日","921,471","940,384","991,538","896,555","0.04K","-2.01%"
"2018年05月15日","940,384","976,336","1,011,464","929,469","0.08K","-3.68%"
"2018年05月14日","976,336","977,012","1,011,465","925,165","0.05K","-0.10%"
"2018年05月13日","977,325","954,681","978,513","914,741","0.02K","2.37%"
"2018年05月12日","954,681","973,212","997,227","910,534","0.03K","-1.90%"
"2018年05月11日","973,212","993,113","1,036,219","934,040","0.09K","-2.00%"
"2018年05月10日","993,113","1,029,017","1,040,878","0","0.03K","-1.38%"
"2018年05月09日","1,007,039","1,010,974","1,036,782","992,749","0.01K","-0.39%"
"2018年05月08日","1,010,974","1,023,860","1,041,117","989,392","0.05K","-1.26%"
"2018年05月07日","1,023,860","1,057,802","1,078,448","1,003,389","0.05K","-3.21%"
"2018年05月06日","1,057,802","1,056,467","1,087,841","1,027,740","0.04K","0.13%"
"2018年05月05日","1,056,467","1,052,341","1,087,841","1,041,739","0.04K","0.56%"
"2018年05月04日","1,050,635","1,070,560","1,070,560","1,003,909","0.03K","-1.86%"
"2018年05月03日","1,070,560","1,015,918","1,070,738","993,561","0.03K","5.38%"
"2018年05月02日","1,015,918","1,013,493","1,028,324","981,914","0.04K","0.24%"
"2018年05月01日","1,013,493","1,015,504","1,035,177","982,789","0.02K","-0.20%"
"2018年04月30日","1,015,504","1,033,615","1,039,537","1,004,541","0.03K","-1.75%"
"2018年04月29日","1,033,615","1,021,170","1,048,158","1,000,610","0.03K","1.22%"
"2018年04月28日","1,021,170","996,152","1,042,000","982,147","0.02K","2.51%"
"2018年04月27日","996,152","1,022,752","1,044,772","960,676","0.05K","-2.61%"
"2018年04月26日","1,022,849","976,946","1,071,110","960,690","0.04K","4.70%"
"2018年04月25日","976,946","1,060,750","1,076,648","967,815","0.08K","-3.64%"
"2018年04月24日","1,013,857","980,147","1,067,674","964,904","0.06K","3.44%"
"2018年04月23日","980,147","953,691","988,147","947,067","0.04K","2.77%"
"2018年04月22日","953,691","943,722","978,223","935,823","0.04K","1.06%"
"2018年04月21日","943,722","963,122","974,495","891,117","0.03K","-2.01%"
"2018年04月20日","963,122","892,363","963,122","870,957","0.07K","7.93%"
"2018年04月19日","892,363","868,471","896,137","853,827","0.08K","2.75%"
"2018年04月18日","868,471","841,899","880,135","841,612","0.03K","3.16%"
"2018年04月17日","841,899","857,572","898,900","841,899","0.03K","-1.83%"
"2018年04月16日","857,572","886,829","906,178","845,470","0.07K","-3.30%"
"2018年04月15日","886,829","861,550","898,839","846,863","0.02K","2.93%"
"2018年04月14日","861,550","839,460","875,603","827,362","0.02K","2.63%"
"2018年04月13日","839,460","847,057","878,800","725,550","0.04K","-0.90%"
"2018年04月12日","847,057","741,374","854,537","721,461","0.12K","14.26%"
"2018年04月11日","741,374","741,308","744,774","712,095","0.03K","0.01%"
"2018年04月10日","741,308","727,612","778,178","711,808","0.05K","1.88%"
"2018年04月09日","727,612","746,553","780,201","716,405","0.05K","-2.54%"
"2018年04月08日","746,553","742,995","769,416","732,451","0.03K","0.48%"
"2018年04月07日","742,995","714,549","761,432","699,899","0.03K","3.98%"
"2018年04月06日","714,549","737,194","746,511","699,204","0.03K","-3.07%"
"2018年04月05日","737,194","720,775","789,659","708,030","0.03K","2.28%"
"2018年04月04日","720,775","786,729","801,088","720,637","0.04K","-8.38%"
"2018年04月03日","786,729","734,386","802,688","723,628","0.05K","7.13%"
"2018年04月02日","734,386","727,188","750,759","678,044","0.02K","0.99%"
"2018年04月01日","727,188","735,125","770,192","676,906","0.06K","-1.08%"
"2018年03月31日","735,125","731,063","779,801","716,009","0.07K","0.56%"
"2018年03月30日","731,063","772,452","843,543","715,660","0.06K","-5.36%"
"2018年03月29日","772,452","846,406","877,789","753,414","0.07K","-8.74%"
"2018年03月28日","846,406","834,518","879,899","829,350","0.05K","1.47%"
"2018年03月27日","834,122","849,605","900,532","823,732","0.08K","-1.82%"
"2018年03月26日","849,605","893,913","905,559","835,031","0.05K","-4.96%"
"2018年03月25日","893,913","894,311","946,154","880,634","0.02K","-0.04%"
"2018年03月24日","894,311","921,648","946,141","871,067","0.01K","-2.97%"
"2018年03月23日","921,648","925,397","956,469","873,761","0.02K","-0.41%"
"2018年03月22日","925,397","932,736","973,789","894,132","0.05K","-0.79%"
"2018年03月21日","932,736","955,532","979,641","895,454","0.05K","-2.39%"
"2018年03月20日","955,532","906,822","977,103","862,874","0.04K","5.37%"
"2018年03月19日","906,822","829,125","917,371","741,220","0.10K","9.37%"
"2018年03月18日","829,125","815,943","864,506","743,052","0.11K","1.62%"
"2018年03月17日","815,943","865,052","892,085","813,305","0.03K","-5.68%"
"2018年03月16日","865,052","867,597","893,437","800,368","0.03K","-0.29%"
"2018年03月15日","867,597","863,582","983,000","800,469","0.13K","0.46%"
"2018年03月14日","863,582","959,743","986,717","854,064","0.03K","-10.02%"
"2018年03月13日","959,743","968,433","1,062,587","939,581","0.02K","-0.90%"
"2018年03月12日","968,433","999,091","1,059,826","918,978","0.04K","-3.07%"
"2018年03月11日","999,091","939,570","1,027,646","908,368","0.06K","6.33%"
"2018年03月10日","939,570","1,004,957","1,024,546","907,629","0.03K","-6.51%"
"2018年03月09日","1,004,957","1,001,969","1,100,466","900,546","0.09K","0.30%"
"2018年03月08日","1,001,969","1,077,299","1,150,859","963,885","0.10K","-6.99%"
"2018年03月07日","1,077,299","1,138,974","1,202,291","1,013,349","0.05K","-5.41%"
"2018年03月06日","1,138,974","1,233,891","1,244,585","1,111,461","0.03K","-8.91%"
"2018年03月05日","1,250,343","1,215,849","1,250,343","1,163,978","0.03K","2.84%"
"2018年03月04日","1,215,849","1,200,322","1,223,107","1,162,997","0.02K","1.29%"
"2018年03月03日","1,200,322","1,168,110","1,223,107","1,127,392","0.03K","2.76%"
"2018年03月02日","1,168,110","1,144,673","1,185,241","1,098,937","0.03K","2.05%"
"2018年03月01日","1,144,673","1,101,869","1,209,479","1,093,167","0.02K","-1.21%"
"2018年02月28日","1,158,702","1,157,029","1,270,543","1,101,333","0.01K","0.14%"
"2018年02月27日","1,157,029","1,122,273","1,255,581","1,000,000","0.07K","3.10%"
"2018年02月26日","1,122,273","1,050,410","1,147,989","1,000,000","0.05K","6.84%"
"2018年02月25日","1,050,410","1,053,437","1,158,119","1,009,715","0.02K","-0.29%"
"2018年02月24日","1,053,437","1,109,313","1,148,404","1,023,536","0.04K","-5.04%"
"2018年02月23日","1,109,313","1,054,569","1,204,699","1,026,881","0.05K","5.19%"
"2018年02月22日","1,054,569","1,137,642","1,258,761","1,053,241","0.08K","-7.30%"
"2018年02月21日","1,137,642","1,193,806","1,294,962","1,105,226","0.07K","-4.70%"
"2018年02月20日","1,193,806","1,297,152","1,326,113","1,130,646","0.08K","-7.97%"
"2018年02月19日","1,297,152","1,178,894","1,297,152","1,048,964","0.02K","10.03%"
"2018年02月18日","1,178,894","1,189,376","1,307,193","1,049,979","0.04K","-0.88%"
"2018年02月17日","1,189,376","1,091,858","1,189,376","1,040,575","0.03K","8.93%"
"2018年02月16日","1,091,858","1,055,908","1,118,359","1,014,329","0.03K","0.90%"
"2018年02月15日","1,082,140","1,036,602","1,089,503","920,929","0.07K","4.39%"
"2018年02月14日","1,036,602","934,361","1,036,602","902,609","0.05K","10.94%"
"2018年02月13日","934,361","976,118","979,697","906,473","0.05K","-4.28%"
"2018年02月12日","976,118","903,176","980,328","858,823","0.04K","8.08%"
"2018年02月11日","903,176","929,739","1,000,830","860,484","0.04K","-2.86%"
"2018年02月10日","929,739","951,803","1,029,811","861,334","0.06K","6.82%"
"2018年02月09日","870,381","923,396","994,480","840,803","0.04K","-5.74%"
"2018年02月08日","923,396","826,333","962,891","769,983","0.06K","11.75%"
"2018年02月07日","826,333","860,194","956,883","629,086","0.11K","-3.94%"
"2018年02月06日","860,194","652,592","907,593","603,070","0.29K","31.81%"
"2018年02月05日","652,592","875,690","1,017,726","652,592","0.51K","-25.48%"
"2018年02月04日","875,690","996,664","1,027,634","858,845","0.09K","-12.14%"
"2018年02月03日","996,664","955,897","1,027,605","844,630","0.07K","4.26%"
"2018年02月02日","955,897","972,659","1,130,578","842,708","0.26K","-12.50%"
"2018年02月01日","1,092,476","1,087,452","1,153,020","950,066","0.01K","0.46%"
"2018年01月31日","1,087,452","1,163,152","1,251,128","1,077,533","0.10K","-6.51%"
"2018年01月30日","1,163,152","1,226,618","1,255,686","1,134,221","0.08K","-5.17%"
"2018年01月29日","1,226,618","1,247,777","1,290,003","1,201,913","0.11K","-1.70%"
"2018年01月28日","1,247,777","1,249,673","1,288,641","1,184,558","0.05K","-0.15%"
"2018年01月27日","1,249,673","1,220,742","1,282,877","1,159,148","0.06K","2.37%"
"2018年01月26日","1,220,742","1,278,040","1,381,261","1,155,268","0.23K","-3.30%"
"2018年01月25日","1,262,344","1,266,867","1,297,564","1,190,642","0.05K","-0.36%"
"2018年01月24日","1,266,867","1,225,957","1,294,197","1,167,432","0.16K","3.34%"
"2018年01月23日","1,225,957","1,209,404","1,366,132","1,122,604","0.18K","1.37%"
"2018年01月22日","1,209,404","1,279,903","1,466,934","1,128,168","0.33K","-5.51%"
"2018年01月21日","1,279,903","1,492,052","1,502,502","1,254,834","0.11K","-14.22%"
"2018年01月20日","1,492,052","1,363,564","1,551,343","1,267,155","0.12K","9.42%"
"2018年01月19日","1,363,564","1,369,012","1,498,138","1,261,504","0.37K","-0.40%"
"2018年01月18日","1,369,012","1,324,203","1,551,498","1,055,489","0.27K","3.38%"
"2018年01月17日","1,324,203","1,355,490","1,612,900","1,050,067","0.47K","-2.31%"
"2018年01月16日","1,355,490","1,749,947","1,812,176","1,256,299","0.52K","-22.04%"
"2018年01月15日","1,738,655","1,690,763","1,807,408","1,495,439","0.17K","2.83%"
"2018年01月14日","1,690,763","1,750,678","1,818,284","1,632,291","0.04K","-3.42%"
"2018年01月13日","1,750,678","1,763,028","1,834,002","1,526,455","0.08K","-0.70%"
"2018年01月12日","1,763,028","1,707,610","1,876,852","1,525,112","0.13K","3.25%"
"2018年01月11日","1,707,610","1,834,312","1,974,692","0","0.13K","-6.91%"
"2018年01月10日","1,834,312","1,845,553","1,974,692","1,670,330","0.10K","-0.61%"
"2018年01月09日","1,845,553","1,883,626","2,044,610","1,713,907","0.09K","-2.02%"
"2018年01月08日","1,883,626","1,931,984","2,058,196","1,718,312","0.14K","-2.50%"
"2018年01月07日","1,931,984","2,094,931","2,139,625","1,930,144","0.04K","-5.63%"
"2018年01月06日","2,047,219","1,979,221","2,154,207","1,739,861","0.05K","12.51%"
"2018年01月05日","1,819,531","1,788,935","2,099,139","1,704,914","0.04K","1.71%"
"2018年01月04日","1,788,935","1,750,245","1,869,091","1,648,288","0.14K","2.21%"
"2018年01月03日","1,750,245","1,665,757","1,750,649","1,464,085","0.16K","5.07%"
"2018年01月02日","1,665,757","1,587,760","1,701,801","1,463,034","0.12K","4.91%"
"2018年01月01日","1,587,760","1,656,187","1,694,063","1,476,679","0.05K","-4.13%"
"2017年12月31日","1,656,187","1,576,459","1,802,971","1,399,025","0.04K","11.93%"
"2017年12月30日","1,479,672","1,721,602","1,802,497","1,398,622","0.13K","-14.05%"
"2017年12月29日","1,721,602","1,668,876","1,849,059","1,629,487","0.07K","3.16%"
"2017年12月28日","1,668,876","1,841,033","1,912,085","1,622,267","0.08K","-9.35%"
"2017年12月27日","1,841,033","1,800,062","1,914,526","1,608,896","0.10K","-0.41%"
"2017年12月26日","1,848,630","1,550,994","1,848,630","1,547,276","0.06K","19.19%"
"2017年12月25日","1,550,994","1,780,591","1,780,591","1,511,755","0.03K","-6.96%"
"2017年12月24日","1,667,016","1,778,569","1,901,316","1,511,755","0.06K","-6.27%"
"2017年12月23日","1,778,569","1,593,787","1,901,316","1,254,142","0.08K","11.59%"
"2017年12月22日","1,593,787","1,830,241","1,993,563","1,260,284","0.39K","-12.92%"
"2017年12月21日","1,830,241","1,875,889","2,105,416","1,768,900","0.16K","-2.43%"
"2017年12月20日","1,875,889","2,022,145","2,242,397","0","0.17K","-7.23%"
"2017年12月19日","2,022,145","2,126,783","2,315,512","1,996,292","0.17K","-4.92%"
"2017年12月18日","2,126,783","2,214,558","2,262,222","2,006,446","0.09K","-3.96%"
"2017年12月17日","2,214,558","2,052,465","2,262,287","1,997,852","0.06K","0.24%"
"2017年12月16日","2,209,283","1,989,046","2,217,505","1,947,709","0.05K","11.07%"
"2017年12月15日","1,989,046","1,942,726","2,131,322","1,796,235","0.09K","4.95%"
"2017年12月14日","1,895,237","1,941,908","2,018,950","1,831,000","0.00K","-2.40%"
"2017年12月13日","1,941,908","1,983,781","2,130,096","1,847,228","0.09K","0.46%"
"2017年12月12日","1,933,007","1,905,039","2,140,086","1,817,204","0.01K","1.47%"
"2017年12月11日","1,905,039","1,818,393","1,972,393","1,556,472","0.12K","4.76%"
"2017年12月10日","1,818,393","1,673,591","1,868,058","1,555,838","0.07K","8.65%"
"2017年12月09日","1,673,591","1,820,944","1,959,641","1,516,033","0.08K","-8.09%"
"2017年12月08日","1,820,944","1,754,376","1,977,980","1,516,033","0.18K","15.24%"
"2017年12月07日","1,580,145","1,365,653","1,870,080","1,337,650","0.13K","7.41%"
"2017年12月06日","1,471,159","1,225,148","1,531,442","1,225,148","0.16K","20.08%"
"2017年12月05日","1,225,148","1,299,437","1,439,675","1,225,148","0.08K","-5.72%"
"2017年12月04日","1,299,437","1,264,456","1,326,766","1,196,299","0.12K","2.77%"
"2017年12月03日","1,264,456","1,231,138","1,399,319","1,201,728","0.13K","2.52%"
"2017年12月02日","1,233,381","1,234,384","1,278,231","1,084,108","0.07K","-0.08%"
"2017年12月01日","1,234,384","1,153,536","1,354,617","1,018,747","0.13K","7.01%"
"2017年11月30日","1,153,536","1,117,038","1,835,626","1,016,418","0.22K","3.27%"
"2017年11月29日","1,117,038","1,138,710","2,570,511","1,058,304","0.24K","-1.90%"
"2017年11月28日","1,138,710","1,093,657","1,154,135","1,041,355","0.12K","4.12%"
"2017年11月27日","1,093,657","1,022,524","1,114,700","992,004","0.17K","4.30%"
"2017年11月26日","1,048,567","988,444","1,068,771","942,856","0.09K","6.08%"
"2017年11月25日","988,444","948,234","992,509","900,141","0.08K","4.24%"
"2017年11月24日","948,234","907,265","986,503","898,187","0.07K","2.46%"
"2017年11月23日","925,468","945,425","945,570","906,161","0.10K","-2.11%"
"2017年11月22日","945,425","921,410","952,313","898,173","0.05K","2.61%"
"2017年11月21日","921,410","923,098","944,850","900,330","0.12K","-0.18%"
"2017年11月20日","923,098","934,460","944,226","893,333","0.09K","4.58%"
"2017年11月19日","882,652","875,394","885,518","844,793","0.01K","0.83%"
"2017年11月18日","875,394","868,099","889,744","844,136","0.03K","0.84%"
"2017年11月17日","868,099","882,779","892,685","816,931","0.10K","-1.66%"
"2017年11月16日","882,779","845,315","883,367","788,609","0.18K","4.43%"
"2017年11月15日","845,315","801,679","847,555","770,153","0.10K","5.44%"
"2017年11月14日","801,679","791,935","830,950","662,666","0.05K","1.23%"
"2017年11月13日","791,935","714,078","828,713","665,116","0.22K","10.90%"
"2017年11月12日","714,078","785,832","858,565","713,734","0.09K","-9.13%"
"2017年11月11日","785,832","765,882","858,565","751,272","0.06K","2.60%"
"2017年11月10日","765,882","806,632","866,885","751,096","0.12K","-5.05%"
"2017年11月09日","806,632","866,073","890,715","806,285","0.09K","-6.86%"
"2017年11月08日","866,073","827,687","890,823","807,321","0.09K","4.64%"
"2017年11月07日","827,687","797,783","856,412","787,884","0.05K","3.75%"
"2017年11月06日","797,783","844,983","865,141","791,010","0.10K","-5.59%"
"2017年11月05日","844,983","861,002","865,634","818,642","0.05K","-1.86%"
"2017年11月04日","861,002","828,976","889,949","789,065","0.04K","3.86%"
"2017年11月03日","828,976","781,055","904,306","777,738","0.09K","2.86%"
"2017年11月02日","805,927","775,693","869,998","707,769","0.09K","3.90%"
"2017年11月01日","775,693","729,017","787,179","693,575","0.06K","6.40%"
"2017年10月31日","729,017","689,863","733,024","687,718","0.05K","5.68%"
"2017年10月30日","689,863","704,915","718,159","656,695","0.04K","-2.14%"
"2017年10月29日","704,915","663,574","711,090","653,967","0.05K","6.23%"
"2017年10月28日","663,574","662,773","681,126","652,498","0.01K","0.12%"
"2017年10月27日","662,773","672,772","692,997","652,498","0.03K","0.90%"
"2017年10月26日","656,882","661,909","692,724","617,153","0.01K","-0.76%"
"2017年10月25日","661,909","647,263","675,796","630,626","0.05K","2.26%"
"2017年10月24日","647,263","688,504","717,500","635,624","0.09K","-5.99%"
"2017年10月23日","688,504","674,718","699,988","657,828","0.06K","2.04%"
"2017年10月22日","674,718","683,720","705,573","666,582","0.03K","-1.32%"
"2017年10月21日","683,720","680,935","705,656","642,202","0.04K","0.41%"
"2017年10月20日","680,935","639,563","681,990","634,207","0.07K","6.47%"
"2017年10月19日","639,563","638,945","652,154","595,464","0.03K","0.10%"
"2017年10月18日","638,945","634,682","656,831","597,587","0.11K","0.67%"
"2017年10月17日","634,682","646,682","656,551","628,475","0.04K","-1.86%"
"2017年10月16日","646,682","640,736","657,214","613,343","0.03K","0.93%"
"2017年10月15日","640,736","641,376","649,894","613,526","0.06K","-0.10%"
"2017年10月14日","641,376","626,833","679,763","579,459","0.01K","2.32%"
"2017年10月13日","626,833","603,830","679,763","535,514","0.08K","3.81%"
"2017年10月12日","603,830","535,745","608,320","526,535","0.13K","12.71%"
"2017年10月11日","535,745","529,605","579,834","522,659","0.06K","1.16%"
"2017年10月10日","529,605","521,316","543,653","509,183","0.06K","1.52%"
"2017年10月09日","521,692","502,668","539,816","497,525","0.04K","3.78%"
"2017年10月08日","502,668","494,927","513,768","489,213","0.03K","1.56%"
"2017年10月07日","494,927","487,560","495,221","482,922","0.01K","1.51%"
"2017年10月06日","487,560","490,673","496,803","469,707","0.04K","-0.63%"
"2017年10月05日","490,673","480,618","491,379","468,064","0.05K","2.09%"
"2017年10月04日","480,618","487,987","491,477","472,229","0.04K","-1.51%"
"2017年10月03日","487,987","489,139","495,358","478,978","0.03K","-0.24%"
"2017年10月02日","489,139","488,197","493,590","473,007","0.03K","0.19%"
"2017年10月01日","488,197","489,003","489,723","466,627","0.02K","-0.16%"
"2017年09月30日","489,003","470,316","489,723","452,331","0.06K","3.97%"
"2017年09月29日","470,316","470,544","478,241","440,686","0.08K","-0.05%"
"2017年09月28日","470,544","476,947","479,015","420,000","0.05K","-1.34%"
"2017年09月27日","476,947","434,942","477,009","420,000","0.11K","9.66%"
"2017年09月26日","434,942","433,470","449,470","407,805","0.10K","0.34%"
"2017年09月25日","433,470","414,530","443,388","396,764","0.09K","4.57%"
"2017年09月24日","414,530","416,338","421,574","401,735","0.01K","-0.43%"
"2017年09月23日","416,338","394,294","422,969","392,374","0.02K","5.59%"
"2017年09月22日","394,294","415,909","454,851","383,071","0.08K","-5.20%"
"2017年09月21日","415,909","438,642","450,326","402,797","0.10K","-5.18%"
"2017年09月20日","438,642","436,101","452,873","406,024","0.10K","0.58%"
"2017年09月19日","436,101","455,084","464,840","411,921","0.09K","-4.17%"
"2017年09月18日","455,084","403,502","463,320","391,103","0.15K","12.78%"
"2017年09月17日","403,502","421,285","453,675","389,877","0.08K","-4.22%"
"2017年09月16日","421,285","411,332","460,707","309,962","0.14K","2.42%"
"2017年09月15日","411,332","342,929","437,284","309,643","0.35K","19.95%"
"2017年09月14日","342,929","439,264","452,732","340,963","0.32K","-21.93%"
"2017年09月13日","439,264","448,767","478,742","413,917","0.20K","-2.12%"
"2017年09月12日","448,767","455,000","478,932","427,359","0.16K","-1.37%"
"2017年09月11日","455,000","425,296","469,489","423,337","0.11K","6.98%"
"2017年09月10日","425,296","443,040","466,151","423,676","0.10K","-4.00%"
"2017年09月09日","443,040","448,511","508,235","441,611","0.09K","-1.22%"
"2017年09月08日","448,511","505,435","510,906","441,379","0.31K","-11.26%"
"2017年09月07日","505,435","500,224","546,595","458,818","0.09K","1.04%"
"2017年09月06日","500,224","485,331","513,146","433,306","0.21K","3.07%"
"2017年09月05日","485,331","462,501","500,813","433,763","0.18K","4.94%"
"2017年09月04日","462,501","509,136","533,057","448,345","0.13K","-9.16%"
"2017年09月03日","509,136","499,205","585,203","490,638","0.08K","1.99%"
"2017年09月02日","499,205","542,277","585,203","498,505","0.09K","-7.94%"
"2017年09月01日","542,277","522,489","551,743","501,000","0.10K","3.79%"
"2017年08月31日","522,489","505,626","528,648","478,000","0.04K","3.34%"
"2017年08月30日","505,626","503,658","522,031","476,718","0.04K","0.39%"
"2017年08月29日","503,658","477,876","515,583","456,538","0.05K","5.40%"
"2017年08月28日","477,876","469,661","484,351","457,780","0.03K","1.75%"
"2017年08月27日","469,661","514,764","514,764","467,486","0.01K","-8.76%"
"2017年08月26日","514,764","478,010","519,142","464,485","0.03K","7.69%"
"2017年08月25日","478,010","468,366","518,438","452,864","0.07K","2.06%"
"2017年08月24日","468,366","453,553","471,958","444,567","0.04K","3.27%"
"2017年08月23日","453,553","446,019","488,850","414,226","0.04K","1.69%"
"2017年08月22日","446,019","446,634","464,207","412,566","0.17K","1.34%"
"2017年08月21日","440,101","456,978","459,732","439,993","0.10K","-3.69%"
"2017年08月20日","456,978","447,091","458,697","431,401","0.07K","2.21%"
"2017年08月19日","447,091","444,090","478,081","430,219","0.07K","-5.40%"
"2017年08月18日","472,613","470,166","528,676","442,379","0.01K","0.52%"
"2017年08月17日","470,166","474,494","531,332","436,766","0.08K","-0.91%"
"2017年08月16日","474,494","457,008","492,745","424,394","0.07K","3.83%"
"2017年08月15日","457,008","464,508","492,632","424,136","0.09K","-1.61%"
"2017年08月14日","464,508","424,424","493,492","418,000","0.07K","9.44%"
"2017年08月13日","424,424","409,442","460,769","404,136","0.05K","3.66%"
"2017年08月12日","409,442","407,736","430,205","372,097","0.06K","0.42%"
"2017年08月11日","407,736","373,256","407,736","366,727","0.08K","9.24%"
"2017年08月10日","373,256","378,630","403,650","360,402","0.03K","-1.42%"
"2017年08月09日","378,630","379,813","410,703","359,964","0.05K","-0.31%"
"2017年08月08日","379,813","406,790","410,703","326,756","0.07K","-6.63%"
"2017年08月07日","406,790","330,195","406,790","323,171","1.21K","23.20%"
"2017年08月06日","330,195","329,884","332,266","316,046","0.10K","0.09%"
"2017年08月05日","329,884","310,886","331,889","292,055","0.23K","6.11%"
"2017年08月04日","310,886","304,985","333,657","290,740","0.14K","1.93%"
"2017年08月03日","304,985","306,007","330,636","296,203","0.09K","-0.33%"
"2017年08月02日","306,007","314,656","332,053","295,993","0.04K","-2.75%"
"2017年08月01日","314,656","315,083","315,175","314,141","0.00K","-0.14%"
"2017年07月31日","315,083","298,744","316,191","278,208","0.00K","5.47%"
"2017年07月30日","298,744","294,359","306,885","270,677","0.09K","1.49%"
"2017年07月29日","294,359","306,935","310,884","270,677","0.04K","-4.10%"
"2017年07月28日","306,935","293,883","308,900","277,260","0.54K","4.44%"
"2017年07月27日","293,883","274,417","294,013","272,827","0.17K","7.09%"
"2017年07月26日","274,417","284,481","309,739","269,445","0.05K","-3.54%"
"2017年07月25日","284,481","303,279","309,434","271,189","0.08K","-6.20%"
"2017年07月24日","303,279","296,284","304,382","280,943","0.05K","2.36%"
"2017年07月23日","296,284","293,762","303,974","281,019","0.02K","0.86%"
"2017年07月22日","293,762","289,944","304,004","276,631","0.02K","1.32%"
"2017年07月21日","289,944","301,981","314,438","238,751","0.07K","-3.99%"
"2017年07月20日","301,981","256,132","314,501","233,806","0.17K","17.90%"
"2017年07月19日","256,132","242,358","266,082","234,103","0.04K","-2.66%"
"2017年07月18日","263,120","245,463","264,321","219,353","0.10K","7.19%"
"2017年07月17日","245,463","209,170","246,641","209,120","0.13K","17.35%"
"2017年07月16日","209,170","230,953","259,469","207,666","0.11K","-9.43%"
"2017年07月15日","230,953","255,488","281,375","230,953","0.14K","-9.60%"
"2017年07月14日","255,488","281,324","284,524","253,852","0.06K","-9.18%"
"2017年07月13日","281,324","281,462","284,458","263,499","0.07K","-0.05%"
"2017年07月12日","281,466","269,523","296,255","265,856","0.04K","4.43%"
"2017年07月11日","269,523","273,789","301,735","267,394","0.12K","-1.56%"
"2017年07月10日","273,789","291,868","302,599","273,735","0.08K","-6.19%"
"2017年07月09日","291,868","295,715","301,809","291,356","0.05K","-1.30%"
"2017年07月08日","295,715","293,044","304,722","291,273","0.02K","0.91%"
"2017年07月07日","293,044","296,418","308,677","291,436","0.04K","-1.14%"
"2017年07月06日","296,418","305,679","311,730","292,534","0.03K","0.81%"
"2017年07月05日","294,032","302,303","314,683","292,408","0.03K","-0.44%"
"2017年07月04日","295,330","296,100","313,696","283,749","0.06K","-0.26%"
"2017年07月03日","296,100","284,630","306,309","274,247","0.07K","4.03%"
"2017年07月02日","284,630","284,340","292,423","262,426","0.03K","0.10%"
"2017年07月01日","284,340","280,085","300,000","262,426","0.03K","1.28%"
"2017年06月30日","280,741","286,974","295,530","272,358","0.18K","-2.17%"
"2017年06月29日","286,974","291,532","297,657","278,583","0.10K","-1.56%"
"2017年06月28日","291,532","286,869","315,922","266,903","0.06K","1.63%"
"2017年06月27日","286,869","281,862","315,131","266,703","0.12K","1.78%"
"2017年06月26日","281,862","286,639","329,408","278,499","0.10K","-1.67%"
"2017年06月25日","286,639","292,514","318,045","285,185","0.02K","-2.01%"
"2017年06月24日","292,514","311,033","314,970","292,514","0.04K","-5.95%"
"2017年06月23日","311,033","303,229","338,280","301,078","0.08K","1.37%"
"2017年06月22日","306,815","295,047","314,187","294,183","0.11K","3.99%"
"2017年06月21日","295,047","303,346","314,442","295,047","0.12K","-2.74%"
"2017年06月20日","303,346","299,208","312,964","285,688","0.07K","1.38%"
"2017年06月19日","299,208","274,511","300,747","274,511","0.05K","9.00%"
"2017年06月18日","274,511","291,365","321,302","274,156","0.03K","-5.78%"
"2017年06月17日","291,365","279,492","321,302","260,555","0.06K","4.25%"
"2017年06月16日","279,492","273,002","310,151","242,276","0.07K","-1.72%"
"2017年06月15日","284,375","308,614","336,948","241,493","0.02K","-7.85%"
"2017年06月14日","308,614","320,694","335,307","284,249","0.11K","-3.77%"
"2017年06月13日","320,694","309,888","361,345","297,214","0.06K","3.49%"
"2017年06月12日","309,888","332,419","361,345","296,128","0.09K","-6.78%"
"2017年06月11日","332,419","324,000","339,535","315,294","0.03K","2.60%"
"2017年06月10日","324,000","321,900","350,177","315,331","0.03K","0.65%"
"2017年06月09日","321,900","317,275","348,936","304,494","0.04K","1.46%"
"2017年06月08日","317,275","320,347","350,599","298,080","0.06K","-0.96%"
"2017年06月07日","320,347","320,283","350,599","298,729","0.08K","0.02%"
"2017年06月06日","320,283","304,546","337,159","288,042","0.12K","5.17%"
"2017年06月05日","304,546","296,356","319,043","275,573","0.05K","2.76%"
"2017年06月04日","296,356","282,821","298,950","267,351","0.07K","4.79%"
"2017年06月03日","282,821","278,197","298,951","278,187","0.06K","1.66%"
"2017年06月02日","278,197","271,102","307,974","260,000","0.07K","2.62%"
"2017年06月01日","271,102","262,456","312,183","249,172","0.12K","3.29%"
"2017年05月31日","262,456","267,155","284,040","248,301","0.09K","-1.76%"
"2017年05月30日","267,155","264,010","291,657","240,168","0.04K","1.19%"
"2017年05月29日","264,010","249,256","297,161","238,300","0.07K","5.92%"
"2017年05月28日","249,256","252,700","278,525","217,596","0.05K","-1.36%"
"2017年05月27日","252,700","260,017","322,539","217,623","0.11K","-2.81%"
"2017年05月26日","260,017","269,662","382,414","255,146","0.15K","-3.58%"
"2017年05月25日","269,662","286,397","382,689","254,061","0.22K","-5.84%"
"2017年05月24日","286,397","254,475","292,120","242,576","0.20K","12.54%"
"2017年05月23日","254,475","249,444","281,490","225,120","0.10K","2.02%"
"2017年05月22日","249,444","226,666","258,492","224,779","0.13K","10.05%"
"2017年05月21日","226,666","231,959","249,390","223,865","0.07K","-2.28%"
"2017年05月20日","231,959","224,118","232,332","216,889","0.09K","3.50%"
"2017年05月19日","224,118","221,809","232,341","209,003","0.07K","1.04%"
"2017年05月18日","221,809","220,621","222,545","198,533","0.08K","0.54%"
"2017年05月17日","220,621","203,828","238,779","186,207","0.11K","8.24%"
"2017年05月16日","203,828","200,102","205,840","192,235","0.12K","1.86%"
"2017年05月15日","200,102","202,196","206,576","193,029","0.09K","-1.04%"
"2017年05月14日","202,196","201,502","206,651","191,048","0.05K","0.34%"
"2017年05月13日","201,502","197,841","212,825","191,048","0.07K","1.85%"
"2017年05月12日","197,841","210,125","231,569","195,996","0.12K","-5.85%"
"2017年05月11日","210,125","203,548","231,569","193,533","0.08K","3.23%"
"2017年05月10日","203,548","195,542","214,031","187,122","0.16K","4.09%"
"2017年05月09日","195,542","174,375","205,634","163,026","0.14K","12.14%"
"2017年05月08日","174,375","176,601","184,227","170,409","0.12K","-1.26%"
"2017年05月07日","176,601","175,887","180,363","169,492","0.05K","0.41%"
"2017年05月06日","175,887","172,305","182,751","169,992","0.06K","2.08%"
"2017年05月05日","172,305","180,000","213,063","161,878","0.05K","-4.28%"
"2017年05月04日","180,000","168,757","214,444","161,000","0.19K","6.66%"
"2017年05月03日","168,757","160,380","169,149","146,856","0.03K","5.22%"
"2017年05月02日","160,380","156,053","169,267","146,856","0.12K","2.77%"
"2017年05月01日","156,053","147,368","158,139","144,758","0.07K","5.89%"
"2017年04月30日","147,368","146,668","149,095","144,758","0.05K","0.48%"
"2017年04月29日","146,668","147,757","150,513","144,758","0.03K","-0.74%"
"2017年04月28日","147,757","148,531","150,747","142,747","0.03K","-0.52%"
"2017年04月27日","148,531","142,180","149,350","141,279","0.08K","4.47%"
"2017年04月26日","142,180","140,115","146,103","138,350","0.05K","1.47%"
"2017年04月25日","140,115","137,283","141,483","134,411","0.05K","2.06%"
"2017年04月24日","137,283","137,550","137,827","132,000","0.08K","-0.19%"
"2017年04月23日","137,550","134,945","137,867","131,235","0.02K","1.28%"
"2017年04月22日","135,813","135,277","137,121","131,308","0.06K","0.40%"
"2017年04月21日","135,277","135,649","137,475","130,671","0.02K","-0.27%"
"2017年04月20日","135,649","129,682","136,245","129,250","0.08K","4.60%"
"2017年04月19日","129,682","128,894","132,739","118,170","0.03K","-0.32%"
"2017年04月18日","130,098","132,146","143,019","118,170","0.08K","-1.55%"
"2017年04月17日","132,146","128,155","132,355","127,647","0.06K","3.11%"
"2017年04月16日","128,155","128,529","140,279","127,906","0.02K","-0.29%"
"2017年04月15日","128,529","131,878","140,031","128,510","0.01K","-2.54%"
"2017年04月14日","131,878","126,876","141,105","125,397","0.01K","3.94%"
"2017年04月13日","126,876","132,432","138,697","120,890","0.12K","-4.19%"
"2017年04月12日","132,432","132,584","135,094","130,271","0.02K","-0.11%"
"2017年04月11日","132,584","132,315","136,003","125,000","0.06K","0.20%"
"2017年04月10日","132,315","131,130","137,101","125,000","0.22K","0.90%"
"2017年04月09日","131,130","128,973","133,719","128,198","0.07K","1.67%"
"2017年04月08日","128,973","131,877","132,814","121,165","0.03K","-2.27%"
"2017年04月07日","131,974","130,836","132,751","121,165","0.07K","0.87%"
"2017年04月06日","130,836","122,931","131,273","122,352","0.08K","6.43%"
"2017年04月05日","122,931","125,909","129,622","122,086","0.04K","-2.37%"
"2017年04月04日","125,909","127,783","129,700","121,753","0.06K","-1.47%"
"2017年04月03日","127,783","121,269","129,853","119,369","0.21K","5.37%"
"2017年04月02日","121,269","120,274","122,304","119,129","0.04K","0.90%"
"2017年04月01日","120,185","120,420","125,000","114,646","0.06K","-0.20%"
"2017年03月31日","120,420","115,078","121,796","108,000","0.14K","4.64%"
"2017年03月30日","115,078","115,506","117,074","113,071","0.13K","-0.37%"
"2017年03月29日","115,506","114,658","118,518","112,336","0.09K","0.74%"
"2017年03月28日","114,658","118,017","127,059","107,633","0.04K","-2.85%"
"2017年03月27日","118,017","107,145","118,017","104,678","0.13K","10.15%"
"2017年03月26日","107,145","106,178","111,136","100,529","0.05K","0.91%"
"2017年03月25日","106,178","114,536","114,536","100,518","0.09K","-7.30%"
"2017年03月24日","114,536","114,611","118,784","106,326","0.09K","-0.07%"
"2017年03月23日","114,611","123,251","127,777","113,536","0.12K","-6.72%"
"2017年03月22日","122,865","124,226","127,946","112,372","0.03K","-1.10%"
"2017年03月21日","124,226","117,932","128,281","114,663","0.10K","5.34%"
"2017年03月20日","117,932","123,983","126,501","111,704","0.11K","-4.88%"
"2017年03月19日","123,983","118,881","137,684","111,591","0.03K","4.29%"
"2017年03月18日","118,881","127,732","137,955","113,341","0.05K","-6.93%"
"2017年03月17日","127,732","132,078","145,908","126,760","0.19K","-3.29%"
"2017年03月16日","132,078","142,555","145,996","132,051","0.08K","-7.35%"
"2017年03月15日","142,555","143,935","152,097","141,107","0.08K","-0.96%"
"2017年03月14日","143,935","141,174","146,139","139,659","0.04K","1.96%"
"2017年03月13日","141,174","139,310","146,424","133,511","0.10K","1.34%"
"2017年03月12日","139,310","134,522","141,149","133,116","0.02K","3.56%"
"2017年03月11日","134,522","126,281","149,242","123,985","0.07K","6.53%"
"2017年03月10日","126,281","144,758","149,029","122,193","0.15K","-12.76%"
"2017年03月09日","144,758","130,884","144,758","126,264","0.22K","10.60%"
"2017年03月08日","130,884","140,775","146,659","130,884","0.22K","-7.03%"
"2017年03月07日","140,775","148,097","148,334","138,723","0.09K","-4.94%"
"2017年03月06日","148,097","146,435","148,192","135,216","0.07K","4.18%"
"2017年03月05日","142,160","144,144","147,472","140,725","0.00K","-1.38%"
"2017年03月04日","144,144","146,572","147,902","135,758","0.04K","-1.66%"
"2017年03月03日","146,572","142,931","148,451","135,675","0.08K","2.55%"
"2017年03月02日","142,931","137,788","145,018","132,404","0.15K","3.73%"
"2017年03月01日","137,788","134,747","137,788","124,773","0.14K","2.26%"
"2017年02月28日","134,747","133,308","136,911","130,456","0.09K","1.08%"
"2017年02月27日","133,308","131,550","134,078","129,348","0.05K","1.34%"
"2017年02月26日","131,550","119,021","133,730","119,021","0.00K","10.53%"
"2017年02月25日","119,021","132,465","135,910","119,021","0.05K","-10.15%"
"2017年02月24日","132,465","129,842","137,981","120,000","0.26K","2.02%"
"2017年02月23日","129,842","126,921","130,999","120,000","0.09K","2.30%"
"2017年02月22日","126,921","126,710","127,846","116,391","0.06K","0.17%"
"2017年02月21日","126,710","122,236","127,029","117,384","0.11K","3.66%"
"2017年02月20日","122,236","119,953","122,236","117,557","0.06K","1.90%"
"2017年02月19日","119,953","119,237","120,600","117,740","0.01K","0.60%"
"2017年02月18日","119,237","119,621","120,386","116,870","0.01K","-0.32%"
"2017年02月17日","119,621","117,793","120,364","115,234","0.07K","1.55%"
"2017年02月16日","117,793","115,011","118,589","113,911","0.07K","2.42%"
"2017年02月15日","115,011","113,435","116,940","113,435","0.01K","1.39%"
"2017年02月14日","113,435","113,723","116,439","105,153","0.02K","-0.25%"
"2017年02月13日","113,723","114,136","118,554","110,554","0.05K","-0.36%"
"2017年02月12日","114,136","113,186","116,195","112,416","0.01K","0.84%"
"2017年02月11日","113,186","113,220","115,548","108,238","0.03K","-0.03%"
"2017年02月10日","113,220","113,402","122,519","108,226","0.07K","-0.16%"
"2017年02月09日","113,402","116,776","122,290","107,105","0.27K","-2.89%"
"2017年02月08日","116,776","118,068","121,771","114,123","0.06K","-1.09%"
"2017年02月07日","118,068","114,746","118,774","111,772","0.15K","2.89%"
"2017年02月06日","114,746","113,506","115,701","113,112","0.04K","1.09%"
"2017年02月05日","113,506","114,385","115,879","112,107","0.02K","-0.77%"
"2017年02月04日","114,385","114,659","115,351","111,859","0.05K","-0.24%"
"2017年02月03日","114,659","112,163","115,677","109,301","0.08K","2.23%"
"2017年02月02日","112,163","111,019","112,667","107,061","0.13K","1.03%"
"2017年02月01日","111,019","108,192","111,618","99,136","0.20K","2.61%"
"2017年01月31日","108,192","104,284","108,268","99,136","0.19K","3.75%"
"2017年01月30日","104,284","104,916","105,471","102,878","0.05K","-0.60%"
"2017年01月29日","104,916","105,252","106,315","104,718","0.00K","-0.32%"
"2017年01月28日","105,252","104,000","106,315","103,957","0.01K","1.20%"
"2017年01月27日","104,000","103,490","106,014","102,244","0.06K","0.49%"
"2017年01月26日","103,490","100,057","105,420","99,920","0.16K","3.43%"
"2017年01月25日","100,057","101,589","104,243","100,000","0.05K","-1.51%"
"2017年01月24日","101,589","103,728","104,698","100,952","0.10K","-2.06%"
"2017年01月23日","103,728","104,470","105,811","99,967","0.03K","-0.71%"
"2017年01月22日","104,470","105,004","106,564","95,296","0.05K","-0.51%"
"2017年01月21日","105,004","103,508","106,001","100,557","0.10K","1.45%"
"2017年01月20日","103,508","103,643","105,818","100,307","0.02K","-0.13%"
"2017年01月19日","103,643","99,016","105,316","98,331","0.05K","4.67%"
"2017年01月18日","99,016","102,392","105,363","93,754","0.24K","-3.30%"
"2017年01月17日","102,392","94,857","103,061","90,691","0.18K","7.94%"
"2017年01月16日","94,857","92,499","95,406","88,312","0.03K","2.55%"
"2017年01月15日","92,499","91,614","102,590","88,284","0.06K","0.97%"
"2017年01月14日","91,614","93,878","102,590","89,315","0.01K","-2.41%"
"2017年01月13日","93,878","93,497","94,444","88,273","0.10K","0.41%"
"2017年01月12日","93,497","88,836","105,975","87,043","0.13K","5.25%"
"2017年01月11日","88,836","105,266","106,858","88,645","0.15K","-15.61%"
"2017年01月10日","105,266","106,400","106,400","102,437","0.04K","-1.07%"
"2017年01月09日","106,400","110,455","110,746","101,983","0.11K","-3.67%"
"2017年01月08日","110,455","105,381","112,326","95,069","0.05K","4.81%"
"2017年01月07日","105,381","108,571","114,603","95,080","0.16K","-2.94%"
"2017年01月06日","108,571","112,744","137,394","98,672","0.13K","-3.70%"
"2017年01月05日","112,744","130,010","139,065","101,769","0.43K","-13.28%"
"2017年01月04日","130,010","115,396","130,167","114,740","0.22K","12.66%"
"2017年01月03日","115,396","116,707","121,367","114,291","0.12K","-1.12%"
"2017年01月02日","116,707","114,101","118,165","111,027","0.02K","2.28%"
"2017年01月01日","114,101","111,316","114,594","108,568","0.05K","2.50%"
"2016年12月31日","111,316","112,143","113,650","109,871","0.07K","-0.74%"
"2016年12月30日","112,143","113,740","114,678","108,771","0.02K","-1.40%"
"2016年12月29日","113,740","111,750","114,001","106,494","0.07K","1.78%"
"2016年12月28日","111,750","107,088","112,878","100,424","0.14K","4.35%"
"2016年12月27日","107,088","105,593","113,651","100,114","0.04K","1.42%"
"2016年12月26日","105,593","103,346","105,629","96,288","0.02K","2.17%"
"2016年12月25日","103,346","103,488","108,111","96,472","0.16K","-0.14%"
"2016年12月24日","103,488","104,410","108,121","100,550","0.09K","-0.88%"
"2016年12月23日","104,410","98,431","105,411","98,123","0.17K","6.07%"
"2016年12月22日","98,431","96,314","104,538","93,415","0.20K","2.20%"
"2016年12月21日","96,314","93,483","104,538","92,402","0.09K","3.03%"
"2016年12月20日","93,483","92,544","93,700","90,492","0.01K","1.02%"
"2016年12月19日","92,544","92,139","92,766","91,653","0.03K","0.44%"
"2016年12月18日","92,139","93,393","98,000","92,121","0.00K","-1.34%"
"2016年12月17日","93,393","92,445","93,761","90,878","0.07K","1.03%"
"2016年12月16日","92,445","92,228","98,000","90,094","0.11K","0.24%"
"2016年12月15日","92,228","90,959","98,000","90,092","0.08K","1.39%"
"2016年12月14日","90,959","89,402","97,367","88,368","0.09K","1.74%"
"2016年12月13日","89,402","89,207","97,472","87,456","0.09K","0.22%"
"2016年12月12日","89,207","89,011","90,003","87,440","0.08K","0.22%"
"2016年12月11日","89,011","88,421","89,244","87,666","0.04K","0.67%"
"2016年12月10日","88,421","88,914","89,591","86,855","0.03K","-0.66%"
"2016年12月09日","89,008","86,590","89,195","86,065","0.06K","2.79%"
"2016年12月08日","86,590","87,083","87,913","84,576","0.04K","-0.57%"
"2016年12月07日","87,083","87,262","88,031","84,584","0.11K","-0.20%"
"2016年12月06日","87,262","84,778","87,667","84,207","0.15K","2.93%"
"2016年12月05日","84,778","87,128","88,634","84,126","0.16K","-2.70%"
"2016年12月04日","87,128","86,317","87,216","85,083","0.01K","0.94%"
"2016年12月03日","86,317","87,216","93,917","84,875","0.01K","-1.03%"
"2016年12月02日","87,216","85,711","93,917","80,161","0.19K","1.76%"
"2016年12月01日","85,711","80,161","86,051","80,161","0.10K","6.92%"
"2016年11月30日","80,161","81,475","84,361","80,161","0.07K","-1.61%"
"2016年11月29日","81,475","81,477","83,061","80,161","0.05K","-0.00%"
"2016年11月28日","81,477","82,249","82,898","80,161","0.06K","-0.94%"
"2016年11月27日","82,249","82,425","83,192","81,684","0.00K","-0.21%"
"2016年11月26日","82,425","82,873","83,445","82,148","0.03K","-0.54%"
"2016年11月25日","82,873","82,960","84,252","80,161","0.03K","-0.10%"
"2016年11月24日","82,960","81,664","84,036","81,620","0.03K","1.59%"
"2016年11月23日","81,664","82,584","83,801","79,491","0.14K","-1.11%"
"2016年11月22日","82,584","81,192","83,129","78,639","0.08K","1.71%"
"2016年11月21日","81,192","79,437","81,797","79,119","0.06K","2.21%"
"2016年11月20日","79,437","82,878","82,878","78,203","0.03K","-4.15%"
"2016年11月19日","82,878","82,791","82,977","80,400","0.06K","0.10%"
"2016年11月18日","82,791","80,039","82,878","78,011","0.13K","3.44%"
"2016年11月17日","80,039","78,894","81,456","76,800","0.13K","1.45%"
"2016年11月16日","78,894","77,887","81,001","76,555","0.16K","1.29%"
"2016年11月15日","77,887","75,497","77,938","75,309","0.06K","3.17%"
"2016年11月14日","75,497","75,261","77,074","73,860","0.06K","0.31%"
"2016年11月13日","75,261","76,024","77,489","73,431","0.09K","-1.00%"
"2016年11月12日","76,024","75,844","77,480","75,487","0.02K","0.24%"
"2016年11月11日","75,844","75,416","77,766","75,110","0.04K","0.57%"
"2016年11月10日","75,416","74,983","78,171","74,151","0.05K","0.58%"
"2016年11月09日","74,983","73,043","78,250","71,477","0.14K","0.27%"
"2016年11月08日","74,778","72,665","75,039","70,687","0.06K","2.91%"
"2016年11月07日","72,665","73,235","73,898","67,554","0.14K","-0.78%"
"2016年11月06日","73,235","72,379","73,731","68,000","0.05K","1.18%"
"2016年11月05日","72,379","72,427","73,934","70,399","0.02K","-0.07%"
"2016年11月04日","72,427","76,000","76,913","68,000","0.16K","-4.70%"
"2016年11月03日","76,000","76,089","77,487","71,121","0.18K","-0.12%"
"2016年11月02日","76,089","70,473","76,089","70,045","0.15K","7.97%"
"2016年11月01日","70,473","72,099","75,539","70,440","0.14K","-2.26%"
"2016年10月31日","72,099","75,624","76,052","70,835","0.06K","-4.66%"
"2016年10月30日","75,624","74,966","76,079","71,278","0.09K","0.88%"
"2016年10月29日","74,966","70,904","74,993","69,809","0.21K","5.73%"
"2016年10月28日","70,904","71,439","73,536","69,210","0.05K","-0.75%"
"2016年10月27日","71,439","69,829","71,895","67,687","0.14K","2.31%"
"2016年10月26日","69,829","67,668","70,012","63,632","0.07K","3.19%"
"2016年10月25日","67,668","66,643","68,836","66,611","0.09K","1.54%"
"2016年10月24日","66,643","67,504","67,758","65,610","0.10K","-1.27%"
"2016年10月23日","67,504","66,033","67,515","65,367","0.04K","2.23%"
"2016年10月22日","66,033","65,351","67,279","64,294","0.08K","1.04%"
"2016年10月21日","65,351","63,890","66,733","63,778","0.02K","2.29%"
"2016年10月20日","63,890","64,817","66,594","63,868","0.04K","-1.43%"
"2016年10月19日","64,817","65,962","69,355","64,032","0.10K","-1.73%"
"2016年10月18日","65,962","65,641","66,818","65,507","0.05K","0.49%"
"2016年10月17日","65,641","66,281","66,963","65,610","0.01K","-0.97%"
"2016年10月16日","66,281","65,711","68,000","65,691","0.01K","0.87%"
"2016年10月15日","65,711","65,591","68,000","61,621","0.03K","0.18%"
"2016年10月14日","65,591","64,110","66,607","61,621","0.09K","2.31%"
"2016年10月13日","64,110","64,826","66,041","63,935","0.11K","-1.11%"
"2016年10月12日","64,827","62,881","65,941","62,690","0.10K","3.09%"
"2016年10月11日","62,881","60,373","64,719","60,256","0.29K","4.15%"
"2016年10月10日","60,373","59,880","61,500","59,800","0.03K","0.82%"
"2016年10月09日","59,880","60,715","61,960","59,874","0.05K","-1.38%"
"2016年10月08日","60,715","62,467","62,742","59,562","0.08K","-2.80%"
"2016年10月07日","62,467","57,732","63,220","57,613","0.31K","8.20%"
"2016年10月06日","57,732","61,091","62,999","56,624","0.33K","-5.50%"
"2016年10月05日","61,091","57,448","62,460","57,385","0.12K","6.34%"
"2016年10月04日","57,448","61,022","62,274","57,425","0.24K","-5.86%"
"2016年10月03日","61,022","59,504","61,813","59,387","0.06K","2.55%"
"2016年10月02日","59,504","61,793","61,812","59,414","0.03K","-3.71%"
"2016年10月01日","61,793","59,446","62,054","59,446","0.02K","3.95%"
"2016年09月30日","59,446","61,253","61,875","59,158","0.12K","-2.95%"
"2016年09月29日","61,253","60,487","61,925","59,431","0.16K","1.27%"
"2016年09月28日","60,487","60,363","60,704","59,037","0.09K","0.21%"
"2016年09月27日","60,363","60,032","61,163","58,704","0.14K","0.55%"
"2016年09月26日","60,032","59,146","60,761","58,488","0.19K","1.50%"
"2016年09月25日","59,146","60,055","60,842","58,738","0.05K","-1.51%"
"2016年09月24日","60,055","59,037","60,598","58,578","0.11K","1.72%"
"2016年09月23日","59,037","58,661","62,266","58,396","0.10K","0.64%"
"2016年09月22日","58,661","58,518","62,166","58,096","0.17K","0.24%"
"2016年09月21日","58,518","59,834","62,111","58,172","0.21K","-2.20%"
"2016年09月20日","59,834","61,480","64,782","59,720","0.13K","-2.68%"
"2016年09月19日","61,480","60,500","62,508","59,065","0.14K","1.62%"
"2016年09月18日","60,500","62,119","62,183","60,045","0.02K","-2.61%"
"2016年09月17日","62,119","61,373","62,492","60,024","0.04K","1.22%"
"2016年09月16日","61,373","61,575","62,952","60,566","0.13K","-0.33%"
"2016年09月15日","61,575","62,867","63,483","60,698","0.05K","-2.06%"
"2016年09月14日","62,867","61,074","63,303","60,204","0.15K","2.94%"
"2016年09月13日","61,074","62,091","63,481","59,122","0.10K","-1.64%"
"2016年09月12日","62,091","60,276","63,206","59,029","0.23K","3.01%"
"2016年09月11日","60,276","62,087","63,465","60,238","0.08K","-2.92%"
"2016年09月10日","62,087","62,794","63,639","61,686","0.01K","-1.13%"
"2016年09月09日","62,794","63,413","65,640","61,602","0.19K","-1.67%"
"2016年09月08日","63,862","62,213","65,397","60,277","0.21K","2.65%"
"2016年09月07日","62,213","59,406","63,106","58,768","0.26K","4.73%"
"2016年09月06日","59,406","61,213","62,972","59,377","0.19K","-2.95%"
"2016年09月05日","61,213","61,354","62,899","59,912","0.15K","-0.23%"
"2016年09月04日","61,354","61,472","61,895","59,673","0.02K","-0.19%"
"2016年09月03日","61,472","59,584","61,607","57,829","0.12K","3.17%"
"2016年09月02日","59,584","57,695","59,837","55,174","0.05K","3.27%"
"2016年09月01日","57,695","57,494","59,703","57,442","0.03K","0.35%"
"2016年08月31日","57,494","58,318","59,664","57,330","0.18K","-1.41%"
"2016年08月30日","58,318","57,453","59,323","57,015","0.19K","-1.91%"
"2016年08月08日","59,452","59,229","59,468","56,388","0.03K","0.38%"
"2016年08月07日","59,229","56,609","59,423","55,525","0.03K","4.63%"
"2016年08月06日","56,609","55,979","58,512","55,323","0.08K","1.12%"
"2016年08月05日","55,979","58,002","58,002","54,090","0.07K","-3.49%"
"2016年08月04日","58,002","57,167","58,163","53,556","0.22K","4.46%"
"2016年08月03日","55,527","55,731","61,680","48,646","0.31K","-0.36%"
"2016年08月02日","55,731","61,963","64,234","48,675","0.23K","-10.06%"
"2016年08月01日","61,963","64,787","67,298","61,963","0.18K","-3.10%"
"2016年07月31日","63,947","66,686","67,195","63,936","0.10K","-4.11%"
"2016年07月30日","66,686","67,558","67,558","66,306","0.05K","-1.29%"
"2016年07月29日","67,558","67,975","68,314","66,638","0.06K","-1.63%"
"2016年07月27日","68,681","65,486","69,083","65,465","0.20K","4.88%"
"2016年07月26日","65,486","68,016","70,013","65,486","0.22K","-3.72%"
"2016年07月25日","68,016","70,478","70,478","68,016","0.07K","-3.49%"
"2016年07月24日","70,478","68,996","70,478","68,369","0.08K","2.15%"
"2016年07月23日","68,996","69,007","70,703","68,489","0.11K","-0.02%"
"2016年07月22日","69,007","70,099","70,835","69,005","0.16K","-1.56%"
"2016年07月21日","70,099","69,688","71,795","68,868","0.03K","0.59%"
"2016年07月20日","69,688","70,771","72,022","69,429","0.14K","-1.53%"
"2016年07月19日","70,771","71,746","72,065","69,558","0.06K","-1.36%"
"2016年07月18日","71,746","70,325","72,085","68,564","0.15K","2.03%"
"2016年07月17日","70,322","68,778","71,523","67,919","0.15K","2.24%"
"2016年07月16日","68,778","69,309","70,390","68,027","0.10K","-0.77%"
"2016年07月15日","69,309","68,954","70,890","67,439","0.10K","0.51%"
"2016年07月14日","68,954","67,183","70,656","65,697","0.04K","2.64%"
"2016年07月13日","67,183","69,049","70,481","64,493","0.18K","-2.70%"
"2016年07月12日","69,049","66,176","70,375","64,924","0.22K","4.34%"
"2016年07月11日","66,176","64,375","67,277","64,295","0.05K","2.80%"
"2016年07月10日","64,375","65,127","67,666","63,833","0.03K","-1.15%"
"2016年07月09日","65,127","68,062","68,062","63,848","0.02K","-4.31%"
"2016年07月08日","68,062","63,645","68,072","63,309","0.07K","6.94%"
"2016年07月07日","63,645","67,788","68,855","62,859","0.37K","-6.11%"
"2016年07月06日","67,788","67,339","70,421","66,157","0.17K","0.67%"
"2016年07月05日","67,339","69,840","69,920","66,491","0.05K","-3.58%"
"2016年07月04日","69,840","68,321","70,616","66,390","0.11K","2.22%"
"2016年07月03日","68,321","71,378","71,643","66,162","0.10K","-4.28%"
"2016年07月02日","71,378","69,174","71,385","66,665","0.03K","3.19%"
"2016年07月01日","69,174","67,141","69,656","64,711","0.15K","3.03%"
"2016年06月30日","67,141","65,214","69,698","63,896","0.21K","2.95%"
"2016年06月29日","65,214","66,643","72,565","63,436","0.17K","-2.14%"
"2016年06月28日","66,643","66,360","68,169","63,325","0.20K","0.43%"
"2016年06月27日","66,360","68,272","68,272","63,114","0.12K","-2.80%"
"2016年06月26日","68,272","68,272","68,272","68,272","0.00K","0.00%"
"2016年06月25日","68,272","68,559","68,559","68,272","0.00K","-0.42%"
"2016年06月24日","68,559","65,776","69,099","56,213","0.02K","4.23%"
"2016年06月23日","65,776","62,411","71,073","57,230","0.26K","5.39%"
"2016年06月22日","62,411","69,220","76,535","60,374","0.19K","-9.84%"
"2016年06月21日","69,220","78,986","79,985","67,700","0.42K","-12.36%"
"2016年06月20日","78,986","80,095","80,250","76,723","0.11K","-1.38%"
"2016年06月19日","80,095","79,019","81,073","76,164","0.02K","1.36%"
"2016年06月18日","79,019","78,685","81,725","75,304","0.11K","0.43%"
"2016年06月17日","78,685","80,723","81,068","74,158","0.26K","-2.53%"
"2016年06月16日","80,723","73,274","80,723","70,090","0.17K","10.17%"
"2016年06月15日","73,274","72,693","76,797","70,559","0.13K","0.80%"
"2016年06月14日","72,693","74,594","78,735","70,413","0.25K","-2.55%"
"2016年06月13日","74,594","70,052","76,735","64,164","0.29K","6.48%"
"2016年06月12日","70,052","64,940","72,986","60,200","0.27K","7.80%"
"2016年06月11日","64,984","61,991","65,806","60,904","0.11K","4.83%"
"2016年06月10日","61,991","60,553","62,425","60,037","0.05K","2.38%"
"2016年06月09日","60,553","60,678","62,687","59,827","0.07K","-0.21%"
"2016年06月08日","60,678","61,130","63,557","59,889","0.10K","-0.74%"
"2016年06月07日","61,130","62,134","64,740","59,943","0.18K","-1.62%"
"2016年06月06日","62,134","57,676","63,508","57,359","0.22K","7.73%"
"2016年06月05日","57,676","61,303","62,516","57,425","0.11K","-5.92%"
"2016年06月04日","61,303","58,548","62,516","56,489","0.19K","4.70%"
"2016年06月03日","58,548","56,772","61,237","55,846","0.14K","3.13%"
"2016年06月02日","56,772","58,216","60,791","55,417","0.26K","-2.48%"
"2016年06月01日","58,216","58,110","60,424","57,323","0.13K","0.18%"
"2016年05月31日","58,110","58,528","63,696","57,509","0.18K","-0.71%"
"2016年05月30日","58,528","58,258","63,688","50,800","0.25K","0.46%"
"2016年05月29日","58,258","53,765","61,355","47,679","0.41K","8.36%"
"2016年05月28日","53,765","50,764","54,497","47,642","0.22K","3.45%"
"2016年05月27日","51,970","45,964","53,885","44,493","0.54K","13.07%"
"2016年05月26日","45,964","46,296","49,642","44,366","0.21K","-0.72%"
"2016年05月25日","46,296","49,227","49,607","46,289","0.17K","-5.95%"
"2016年05月24日","49,227","48,016","49,227","46,973","0.06K","2.52%"
"2016年05月23日","48,016","48,047","48,366","45,951","0.20K","-0.06%"
"2016年05月22日","48,047","49,057","50,517","46,203","0.07K","-2.06%"
"2016年05月21日","49,057","47,767","49,057","47,762","0.03K","2.70%"
"2016年05月20日","47,767","47,965","50,056","47,227","0.06K","-0.41%"
"2016年05月19日","47,965","49,317","49,986","47,965","0.16K","-2.74%"
"2016年05月18日","49,317","49,110","50,019","48,660","0.07K","0.42%"
"2016年05月17日","49,110","49,160","50,171","48,656","0.05K","-0.10%"
"2016年05月16日","49,160","47,772","49,582","47,772","0.18K","2.91%"
"2016年05月15日","47,772","48,910","49,828","47,466","0.09K","-2.33%"
"2016年05月14日","48,910","49,449","49,453","48,054","0.04K","-1.09%"
"2016年05月13日","49,449","47,623","49,584","47,499","0.28K","3.83%"
"2016年05月12日","47,623","49,292","51,210","47,183","0.09K","-3.39%"
"2016年05月11日","49,292","49,830","51,721","47,268","0.08K","-1.08%"
"2016年05月10日","49,830","49,347","52,522","48,400","0.20K","0.98%"
"2016年05月09日","49,347","44,494","51,472","44,494","0.27K","10.91%"
"2016年05月08日","44,494","49,845","50,691","44,468","0.13K","-10.74%"
"2016年05月07日","49,845","49,192","51,219","46,188","0.10K","1.33%"
"2016年05月06日","49,192","48,137","49,632","47,405","0.16K","2.19%"
"2016年05月05日","48,137","47,824","49,651","46,393","0.46K","0.66%"
"2016年05月04日","47,824","47,504","49,179","46,180","0.12K","0.67%"
"2016年05月03日","47,504","47,159","49,261","45,423","0.10K","0.73%"
"2016年05月02日","47,159","47,618","49,339","45,671","0.13K","-0.96%"
"2016年05月01日","47,618","48,115","48,272","46,735","0.03K","-1.03%"
"2016年04月30日","48,115","48,099","48,676","46,116","0.00K","0.03%"
"2016年04月29日","48,099","48,604","50,675","46,397","0.19K","-1.04%"
"2016年04月28日","48,604","49,020","52,352","46,080","0.21K","-0.85%"
"2016年04月27日","49,020","51,683","52,229","48,235","0.30K","-5.15%"
"2016年04月26日","51,683","49,029","52,709","48,361","0.09K","5.41%"
"2016年04月25日","49,029","51,588","52,903","49,025","0.17K","-4.96%"
"2016年04月24日","51,588","49,804","51,588","49,293","0.26K","3.58%"
"2016年04月23日","49,804","49,895","50,361","48,283","0.15K","-0.18%"
"2016年04月22日","49,895","50,656","50,920","45,149","0.15K","-1.50%"
"2016年04月21日","50,656","47,402","50,670","45,399","0.49K","6.87%"
"2016年04月20日","47,402","46,691","49,470","45,854","0.27K","1.52%"
"2016年04月19日","46,691","46,450","48,495","46,084","0.05K","0.52%"
"2016年04月18日","46,450","46,279","48,396","45,340","0.12K","0.37%"
"2016年04月17日","46,279","46,874","48,109","46,180","0.05K","-1.27%"
"2016年04月16日","46,874","46,406","48,462","43,997","0.08K","1.01%"
"2016年04月15日","46,406","45,801","48,316","44,786","0.12K","1.32%"
"2016年04月14日","45,801","44,974","48,307","44,974","0.09K","1.84%"
"2016年04月13日","44,974","0","50,823","0","0.40K","0.00%"
"2016年04月12日","0","45,563","50,212","0","0.12K","-100.00%"
"2016年04月11日","45,563","45,522","49,541","45,020","0.21K","0.09%"
"2016年04月10日","45,522","45,113","50,314","44,751","0.18K","0.91%"
"2016年04月09日","45,113","45,534","48,198","44,645","0.25K","-0.92%"
"2016年04月08日","45,534","46,882","48,311","44,991","0.41K","-2.88%"
"2016年04月07日","46,882","46,856","48,776","45,262","0.55K","0.05%"
"2016年04月06日","46,856","46,419","49,229","45,739","0.58K","0.94%"
"2016年04月05日","46,419","44,808","49,470","44,272","0.53K","3.59%"
"2016年04月04日","44,808","46,919","48,818","44,490","0.38K","-4.50%"
"2016年04月03日","46,919","48,070","48,305","46,213","0.28K","-2.39%"
"2016年04月02日","48,070","47,748","48,707","46,136","0.19K","0.67%"
"2016年04月01日","47,748","46,484","49,044","46,139","0.36K","2.72%"
"2016年03月31日","46,484","46,847","49,277","45,741","0.47K","-0.78%"
"2016年03月30日","46,847","46,735","50,027","45,898","0.34K","0.24%"
"2016年03月29日","46,735","47,617","50,936","46,154","0.41K","-1.85%"
"2016年03月28日","47,617","48,148","50,825","46,367","0.21K","-1.10%"
"2016年03月27日","48,148","46,669","49,400","46,346","0.29K","3.17%"
"2016年03月26日","46,669","46,886","49,348","46,614","0.09K","-0.46%"
"2016年03月25日","46,886","46,482","49,624","46,094","0.42K","0.87%"
"2016年03月24日","46,482","46,995","49,367","45,390","0.36K","-1.09%"
"2016年03月23日","46,995","47,744","49,408","43,904","0.37K","-1.57%"
"2016年03月22日","47,744","46,975","49,460","43,762","0.41K","1.64%"
"2016年03月21日","46,975","45,849","48,004","44,650","0.22K","2.46%"
"2016年03月20日","45,849","45,275","48,249","45,166","0.08K","1.27%"
"2016年03月19日","45,275","45,542","49,148","45,145","0.46K","-0.59%"
"2016年03月18日","45,542","47,034","49,166","45,327","0.45K","-3.17%"
"2016年03月17日","47,034","46,553","49,588","45,902","0.33K","1.03%"
"2016年03月16日","46,553","47,939","49,940","46,473","0.26K","-2.89%"
"2016年03月15日","47,939","46,868","50,070","46,489","0.29K","2.29%"
"2016年03月14日","46,868","47,497","50,133","46,075","0.50K","-1.32%"
"2016年03月13日","47,497","47,062","49,701","46,348","0.04K","0.92%"
"2016年03月12日","47,062","47,411","50,690","46,006","0.25K","-0.74%"
"2016年03月11日","47,411","45,648","50,581","45,556","0.49K","3.86%"
"2016年03月10日","45,648","47,749","49,072","45,451","0.37K","-4.40%"
"2016年03月09日","47,749","46,219","48,880","45,690","0.40K","3.31%"
"2016年03月08日","46,219","46,347","49,020","45,386","0.23K","-0.28%"
"2016年03月07日","46,347","45,941","47,238","45,452","0.20K","0.88%"
"2016年03月06日","45,941","45,283","47,958","44,604","0.13K","1.46%"
"2016年03月05日","45,283","46,890","48,662","44,354","0.21K","-3.43%"
"2016年03月04日","46,890","46,623","48,701","46,620","0.13K","0.57%"
"2016年03月03日","46,623","47,986","51,837","46,623","0.13K","-2.84%"
"2016年03月02日","47,986","48,970","52,502","47,697","0.14K","-2.01%"
"2016年03月01日","48,970","49,612","52,536","47,872","0.40K","-1.29%"
"2016年02月29日","49,612","49,261","52,286","47,700","0.25K","0.71%"
"2016年02月28日","49,261","48,471","52,100","47,438","0.18K","1.63%"
"2016年02月27日","48,471","48,881","51,990","47,582","0.09K","-0.84%"
"2016年02月26日","48,881","47,850","51,024","46,612","0.23K","2.16%"
"2016年02月25日","47,850","47,251","50,622","46,447","0.31K","1.27%"
"2016年02月24日","47,251","46,590","51,420","45,993","0.43K","1.42%"
"2016年02月23日","46,590","49,101","51,915","44,093","0.37K","-5.12%"
"2016年02月22日","49,101","48,758","51,709","44,261","0.42K","0.70%"
"2016年02月21日","48,758","49,082","52,503","45,267","0.41K","-0.66%"
"2016年02月20日","49,082","47,164","50,215","46,743","0.04K","4.07%"
"2016年02月19日","47,164","47,070","54,962","46,806","0.11K","0.20%"
"2016年02月18日","47,070","47,248","55,296","46,957","0.48K","-0.38%"
"2016年02月17日","47,248","46,907","51,294","45,624","0.27K","0.73%"
"2016年02月16日","46,907","45,709","52,614","44,683","0.58K","2.62%"
"2016年02月15日","45,709","45,356","50,453","43,944","0.29K","0.78%"
"2016年02月14日","45,356","43,892","45,356","42,983","0.13K","3.34%"
"2016年02月13日","43,892","42,968","44,022","41,969","0.07K","2.15%"
"2016年02月12日","42,968","42,431","43,308","41,159","0.07K","1.26%"
"2016年02月11日","42,431","43,135","44,013","40,143","0.28K","-1.63%"
"2016年02月10日","43,135","43,051","44,649","42,128","0.06K","0.20%"
"2016年02月09日","43,051","42,816","44,866","42,511","0.10K","0.55%"
"2016年02月08日","42,816","43,472","44,382","42,798","0.02K","-1.51%"
"2016年02月07日","43,472","43,585","46,377","43,088","0.18K","-0.26%"
"2016年02月06日","43,585","44,929","46,587","40,271","0.21K","-2.99%"
"2016年02月05日","44,929","46,953","48,077","43,472","0.22K","-4.31%"
"2016年02月04日","46,953","42,800","47,963","42,140","0.43K","9.70%"
"2016年02月03日","42,800","43,289","46,812","41,732","0.24K","-1.13%"
"2016年02月02日","43,289","45,385","49,443","40,068","0.29K","-4.62%"
"2016年02月01日","45,385","44,144","49,608","44,135","0.39K","2.81%"
"2016年01月31日","44,144","46,694","47,889","44,144","0.17K","-5.46%"
"2016年01月30日","46,694","45,248","47,827","45,061","0.06K","3.20%"
"2016年01月29日","45,248","44,839","52,944","42,805","0.36K","0.91%"
"2016年01月28日","44,839","46,729","52,581","44,618","0.58K","-4.04%"
"2016年01月27日","46,729","46,351","50,997","45,319","0.63K","0.82%"
"2016年01月26日","46,351","44,882","50,701","43,150","0.64K","3.27%"
"2016年01月25日","44,882","47,102","49,855","43,277","0.55K","-4.71%"
"2016年01月24日","47,101","45,292","49,435","43,744","0.39K","4.92%"
"2016年01月23日","44,893","45,175","48,768","44,723","0.10K","-0.62%"
"2016年01月22日","45,175","50,980","50,980","44,678","0.49K","-11.39%"
"2016年01月21日","50,980","49,500","51,057","44,438","0.28K","2.99%"
"2016年01月20日","49,500","44,565","51,526","43,940","0.55K","11.07%"
"2016年01月19日","44,565","46,108","48,199","44,169","0.67K","-3.07%"
"2016年01月18日","45,976","46,225","48,655","44,655","0.11K","0.09%"
"2016年01月17日","45,933","45,893","48,221","43,269","0.46K","0.09%"
"2016年01月16日","45,893","42,851","51,362","41,760","1.03K","-3.08%"
"2016年01月15日","47,352","50,042","52,388","42,839","1.48K","-5.38%"
"2016年01月14日","50,042","50,431","53,307","49,492","1.30K","-0.27%"
"2016年01月13日","50,175","50,981","55,716","49,657","1.58K","-1.58%"
"2016年01月12日","50,981","52,739","55,605","50,971","1.04K","-3.33%"
"2016年01月11日","52,739","52,145","54,083","50,704","0.14K","1.14%"
"2016年01月10日","52,145","52,789","53,980","50,708","0.15K","-1.22%"
"2016年01月09日","52,789","53,932","55,070","52,747","0.50K","-2.11%"
"2016年01月08日","53,926","53,836","55,553","50,766","0.14K","-0.78%"
"2016年01月07日","54,350","51,228","55,449","50,598","1.58K","5.69%"
"2016年01月06日","51,422","52,249","52,281","50,755","0.86K","-1.58%"
"2016年01月05日","52,249","51,392","52,488","50,929","0.17K","1.67%"
"2016年01月04日","51,392","51,489","53,298","50,530","0.28K","-0.19%"
"2016年01月03日","51,489","51,802","52,713","50,511","0.10K","-0.61%"
"2016年01月02日","51,802","52,048","53,387","51,550","0.09K","-0.47%"
"2016年01月01日","52,048","51,832","53,343","50,288","0.07K","0.42%"
"2015年12月31日","51,832","51,568","53,509","50,295","0.44K","0.51%"
"2015年12月30日","51,568","53,239","54,522","50,500","0.22K","-3.14%"
"2015年12月29日","53,239","50,547","53,964","50,113","0.22K","5.33%"
"2015年12月28日","50,547","50,612","55,295","49,460","0.36K","-0.13%"
"2015年12月27日","50,612","50,902","54,644","48,973","0.07K","-0.57%"
"2015年12月26日","50,902","54,686","56,159","48,971","0.24K","-6.92%"
"2015年12月25日","54,687","55,436","56,807","53,379","0.46K","-0.73%"
"2015年12月24日","55,092","53,546","56,870","52,737","0.64K","3.14%"
"2015年12月23日","53,414","53,323","55,585","52,232","0.39K","0.17%"
"2015年12月22日","53,323","53,394","55,801","49,848","1.33K","-0.13%"
"2015年12月21日","53,394","46,155","55,843","46,140","1.16K","15.68%"
"2015年12月20日","46,155","56,324","56,324","46,155","0.23K","-18.05%"
"2015年12月19日","56,324","55,370","56,687","54,021","0.05K","1.72%"
"2015年12月18日","55,370","53,957","56,791","48,301","0.30K","2.36%"
"2015年12月17日","54,093","53,837","57,607","48,299","0.64K","0.48%"
"2015年12月16日","53,837","55,419","57,266","53,225","0.40K","-2.86%"
"2015年12月15日","55,419","52,934","56,723","47,868","0.83K","4.69%"
"2015年12月14日","52,934","47,871","54,531","46,896","1.54K","10.58%"
"2015年12月13日","47,871","47,894","53,282","46,754","1.90K","-0.05%"
"2015年12月12日","47,894","48,754","53,281","2,662","1.86K","-1.76%"
"2015年12月11日","48,754","50,543","52,803","16","3.57K","-3.55%"
"2015年12月10日","50,549","51,282","52,586","49,810","1.80K","-1.43%"
"2015年12月09日","51,282","49,088","56,605","48,168","1.95K","5.51%"
"2015年12月08日","48,603","49,678","51,649","47,306","0.05K","-0.95%"
"2015年12月07日","49,068","48,876","52,071","47,642","0.10K","-3.70%"
"2015年12月06日","50,954","48,157","52,016","45,681","1.70K","5.81%"
"2015年12月05日","48,157","45,270","48,415","44,992","1.64K","6.38%"
"2015年12月04日","45,270","45,612","46,735","44,045","0.21K","-0.75%"
"2015年12月03日","45,612","44,334","45,800","42,513","0.59K","2.88%"
"2015年12月02日","44,334","44,444","47,151","41,971","1.37K","-1.16%"
"2015年12月01日","44,856","46,301","48,158","43,111","2.13K","-3.43%"
"2015年11月30日","46,450","44,926","47,888","43,590","0.28K","5.77%"
"2015年11月29日","43,917","43,939","46,125","43,266","0.35K","0.07%"
"2015年11月28日","43,888","44,073","45,423","42,768","1.86K","-0.96%"
"2015年11月27日","44,313","43,606","45,317","39,971","1.21K","2.41%"
"2015年11月26日","43,272","40,094","45,289","38,908","2.45K","10.63%"
"2015年11月25日","39,113","39,192","41,329","38,338","0.08K","-0.80%"
"2015年11月24日","39,428","39,629","40,414","38,418","0.85K","-0.51%"
"2015年11月23日","39,629","40,230","41,085","38,450","0.83K","-0.35%"
"2015年11月22日","39,767","40,305","41,086","39,280","0.77K","0.64%"
"2015年11月21日","39,516","38,800","41,088","37,999","0.22K","-0.09%"
"2015年11月20日","39,551","41,170","41,319","38,005","2.64K","-1.27%"
"2015年11月19日","40,060","41,355","41,954","39,512","1.79K","-2.88%"
"2015年11月18日","41,250","41,013","41,966","38,256","0.59K","0.58%"
"2015年11月17日","41,013","40,553","42,114","38,196","2.05K","3.92%"
"2015年11月16日","39,467","39,410","41,277","38,283","0.33K","-3.62%"
"2015年11月15日","40,949","40,629","41,671","38,872","1.01K","0.29%"
"2015年11月14日","40,830","41,520","42,062","40,348","2.12K","-1.66%"
"2015年11月13日","41,520","41,480","42,321","38,889","2.65K","5.63%"
"2015年11月12日","39,306","38,132","42,510","37,726","0.02K","3.08%"
"2015年11月11日","38,132","41,750","47,445","37,549","1.51K","-8.66%"
"2015年11月10日","41,750","46,877","48,240","40,791","2.12K","-10.94%"
"2015年11月09日","46,876","45,961","48,213","44,473","0.66K","1.99%"
"2015年11月08日","45,961","47,548","48,681","45,272","0.83K","-3.34%"
"2015年11月07日","47,548","46,136","49,436","43,989","0.28K","3.06%"
"2015年11月06日","46,136","48,651","55,729","42,998","0.85K","-5.17%"
"2015年11月05日","48,651","54,206","61,439","47,182","0.51K","-18.46%"
"2015年11月04日","59,663","48,274","62,658","42,513","0.75K","23.59%"
"2015年11月03日","48,274","43,539","48,656","39,310","0.71K","10.88%"
"2015年11月02日","43,539","40,117","44,423","37,210","1.29K","8.53%"
"2015年11月01日","40,118","38,251","40,903","36,770","0.39K","4.88%"
"2015年10月31日","38,251","40,428","42,527","37,147","0.59K","-5.38%"
"2015年10月30日","40,428","38,325","42,577","34,900","0.78K","5.49%"
"2015年10月29日","38,325","36,539","39,016","34,900","1.40K","4.89%"
"2015年10月28日","36,539","35,208","37,131","33,953","1.63K","6.62%"
"2015年10月27日","34,271","34,164","36,079","33,599","0.27K","0.31%"
"2015年10月26日","34,164","34,338","35,502","33,431","0.96K","-0.51%"
"2015年10月25日","34,338","33,313","36,064","33,126","1.02K","3.08%"
"2015年10月24日","33,313","33,203","34,138","32,475","1.05K","0.15%"
"2015年10月23日","33,264","32,394","34,225","31,616","0.95K","2.69%"
"2015年10月22日","32,394","31,379","33,570","30,545","1.14K","1.52%"
"2015年10月21日","31,910","32,197","32,627","30,258","0.14K","-0.07%"
"2015年10月20日","31,932","31,549","32,426","30,595","0.31K","2.40%"
"2015年10月19日","31,185","30,695","32,149","30,149","1.34K","2.00%"
"2015年10月18日","30,574","30,632","32,338","30,024","2.11K","-0.74%"
"2015年10月17日","30,803","30,365","32,183","29,055","1.77K","0.86%"
"2015年10月16日","30,539","30,259","31,297","29,050","1.91K","0.93%"
"2015年10月15日","30,259","29,671","30,555","28,938","1.70K","0.57%"
"2015年10月14日","30,088","29,713","30,666","28,732","0.66K","1.26%"
"2015年10月13日","29,713","29,436","31,292","28,966","1.65K","0.94%"
"2015年10月12日","29,436","29,436","29,436","29,436","0.73K","0.00%"
"2015年10月11日","29,436","29,436","29,436","29,436","0.73K","0.00%"
"2015年10月10日","29,436","29,054","30,123","28,494","0.73K","0.48%"
"2015年10月09日","29,297","28,955","30,117","27,866","0.38K","1.18%"
"2015年10月08日","28,955","28,218","30,118","27,543","1.65K","2.61%"
"2015年10月07日","28,218","29,014","29,711","27,363","1.17K","-1.57%"
"2015年10月06日","28,667","28,630","29,630","27,768","0.06K","0.13%"
"2015年10月05日","28,630","27,941","28,895","27,459","0.90K","2.47%"
"2015年10月04日","27,941","28,107","29,247","27,439","0.76K","0.04%"
"2015年10月03日","27,930","27,933","28,837","27,435","0.17K","-1.68%"
"2015年10月02日","28,408","27,954","28,896","27,248","0.47K","0.58%"
"2015年10月01日","28,244","28,024","29,074","27,227","0.61K","0.78%"
"2015年09月30日","28,024","28,472","29,365","27,930","0.78K","-1.57%"
"2015年09月29日","28,472","27,868","29,501","27,583","1.27K","2.96%"
"2015年09月28日","27,653","27,881","28,894","27,061","0.12K","-0.90%"
"2015年09月27日","27,905","28,213","28,918","27,862","0.74K","-0.97%"
"2015年09月26日","28,178","28,350","28,646","27,881","0.63K","-0.61%"
"2015年09月25日","28,350","27,972","28,678","27,553","1.16K","1.35%"
"2015年09月24日","27,972","27,646","28,458","27,169","1.14K","1.15%"
"2015年09月23日","27,653","27,410","27,990","26,843","1.01K","2.58%"
"2015年09月22日","26,957","27,266","27,961","26,787","0.36K","-1.26%"
"2015年09月21日","27,300","27,577","28,209","22,759","0.25K","-1.00%"
"2015年09月20日","27,577","27,687","28,239","27,213","0.52K","0.28%"
"2015年09月19日","27,499","27,627","28,308","27,351","0.08K","0.05%"
"2015年09月18日","27,486","27,620","28,517","27,216","0.90K","-0.49%"
"2015年09月17日","27,621","27,417","28,051","26,858","0.59K","0.74%"
"2015年09月16日","27,417","27,378","28,050","27,108","0.22K","-0.96%"
"2015年09月15日","27,683","27,873","28,470","26,996","0.17K","-0.68%"
"2015年09月14日","27,873","27,692","28,483","27,235","0.16K","0.65%"
"2015年09月13日","27,692","28,242","28,883","27,270","0.10K","-1.95%"
"2015年09月12日","28,242","28,807","29,127","26,745","0.19K","-1.96%"
"2015年09月11日","28,807","27,950","29,259","26,241","0.62K","2.98%"
"2015年09月10日","27,975","28,177","29,662","26,269","1.14K","-0.68%"
"2015年09月09日","28,166","28,817","29,701","22,848","1.31K","-3.85%"
"2015年09月08日","29,295","28,724","29,495","22,658","0.95K","2.74%"
"2015年09月07日","28,512","28,291","29,186","27,683","1.08K","0.78%"
"2015年09月06日","28,291","27,681","28,982","27,179","1.55K","2.28%"
"2015年09月05日","27,662","27,284","28,049","26,721","0.75K","1.44%"
"2015年09月04日","27,269","27,108","27,629","26,535","1.66K","0.60%"
"2015年09月03日","27,108","27,362","28,120","26,701","1.32K","-0.53%"
"2015年09月02日","27,253","26,732","27,906","26,161","1.32K","1.94%"
"2015年09月01日","26,736","27,608","28,326","26,292","0.91K","-3.16%"
"2015年08月31日","27,608","26,855","28,221","26,404","0.18K","4.30%"
"2015年08月30日","26,470","28,030","28,421","26,199","0.69K","-1.44%"
"2015年08月29日","26,856","27,986","28,573","25,764","1.48K","-4.04%"
"2015年08月28日","27,986","27,248","28,500","26,399","1.14K","2.08%"
"2015年08月27日","27,415","27,410","27,913","26,719","0.94K","-0.05%"
"2015年08月26日","27,430","26,762","27,809","25,221","1.36K","2.50%"
"2015年08月25日","26,762","25,968","27,407","24,292","0.27K","3.06%"
"2015年08月24日","25,968","27,832","28,951","25,734","0.42K","-6.70%"
"2015年08月23日","27,832","27,942","28,496","27,518","0.05K","-0.39%"
"2015年08月22日","27,942","28,446","29,119","27,163","0.59K","-1.80%"
"2015年08月21日","28,454","29,120","29,363","28,196","0.57K","-2.29%"
"2015年08月20日","29,120","28,056","29,991","27,580","0.36K","3.80%"
"2015年08月19日","28,054","28,437","32,086","27,645","0.68K","-11.14%"
"2015年08月18日","31,572","31,909","32,486","27,670","0.65K","-1.06%"
"2015年08月17日","31,909","32,024","32,616","31,770","0.84K","-0.36%"
"2015年08月16日","32,024","33,125","33,169","31,703","0.83K","-1.87%"
"2015年08月15日","32,636","32,898","33,425","32,444","0.60K","-0.50%"
"2015年08月14日","32,801","32,926","33,445","32,432","0.18K","-0.01%"
"2015年08月13日","32,803","32,963","33,584","32,440","0.43K","-0.48%"
"2015年08月12日","32,963","33,790","33,918","32,423","0.91K","-0.51%"
"2015年08月11日","33,132","32,361","33,792","31,864","0.31K","2.39%"
"2015年08月10日","32,360","32,647","33,215","32,174","0.78K","-0.19%"
"2015年08月09日","32,422","32,472","34,717","32,060","0.03K","-5.96%"
"2015年08月08日","34,476","34,798","35,056","32,373","0.13K","0.33%"
"2015年08月07日","34,363","34,543","35,142","34,223","0.09K","-0.52%"
"2015年08月06日","34,543","35,096","35,607","34,462","0.53K","-1.58%"
"2015年08月05日","35,095","35,175","35,614","34,760","0.51K","-0.23%"
"2015年08月04日","35,175","34,525","35,544","34,331","0.63K","1.28%"
"2015年08月03日","34,730","34,622","35,353","33,992","0.60K","0.16%"
"2015年08月02日","34,675","34,675","35,361","34,025","0.52K","-0.02%"
"2015年08月01日","34,681","35,421","35,690","34,183","0.69K","-2.09%"
"2015年07月31日","35,421","35,560","35,929","34,884","0.86K","-0.39%"
"2015年07月30日","35,560","35,679","36,573","35,093","0.70K","-0.33%"
"2015年07月29日","35,679","36,741","36,875","35,517","0.95K","-2.16%"
"2015年07月28日","36,467","36,182","36,946","35,189","1.09K","0.79%"
"2015年07月27日","36,182","35,736","36,909","35,173","0.64K","-0.23%"
"2015年07月26日","36,264","35,550","36,391","35,313","0.54K","1.26%"
"2015年07月25日","35,812","35,712","36,221","34,144","0.97K","0.28%"
"2015年07月24日","35,712","34,228","35,889","33,935","0.74K","3.86%"
"2015年07月23日","34,386","34,387","34,687","33,896","0.32K","-0.00%"
"2015年07月22日","34,387","34,219","34,871","33,829","0.50K","0.44%"
"2015年07月21日","34,237","34,354","35,181","33,908","0.69K","-0.11%"
"2015年07月20日","34,274","33,965","34,708","33,690","0.59K","0.40%"
"2015年07月19日","34,139","34,225","34,955","33,666","0.42K","-0.25%"
"2015年07月18日","34,225","34,507","34,966","33,699","0.87K","-0.82%"
"2015年07月17日","34,507","34,450","36,142","33,486","1.50K","-2.14%"
"2015年07月16日","35,262","35,718","36,951","33,477","0.52K","-0.51%"
"2015年07月15日","35,444","35,537","36,859","35,298","0.89K","-0.26%"
"2015年07月14日","35,537","36,064","38,254","34,820","0.99K","-1.46%"
"2015年07月13日","36,064","38,157","38,636","34,261","0.61K","-5.49%"
"2015年07月12日","38,157","35,874","38,600","34,715","0.68K","6.07%"
"2015年07月11日","35,975","35,040","36,612","33,142","0.69K","2.67%"
"2015年07月10日","35,040","33,159","36,172","32,518","1.35K","5.85%"
"2015年07月09日","33,104","32,844","33,488","32,306","0.73K","0.91%"
"2015年07月08日","32,804","32,920","33,388","32,238","0.75K","0.53%"
"2015年07月07日","32,631","33,353","34,138","32,413","1.48K","10.80%"
"2015年05月09日","29,451","29,451","29,451","29,451","-","3.90%"
"2015年05月08日","28,346","28,346","28,346","28,346","-","-16.18%"
"2015年03月09日","33,818","33,220","34,285","32,778","1.14K","1.80%"
"2015年03月08日","33,220","33,176","33,636","32,530","0.83K","0.13%"
"2015年03月07日","33,176","32,898","33,594","32,050","1.08K","0.61%"
"2015年03月06日","32,975","33,673","34,196","31,643","1.46K","20.95%"
"2015年01月31日","27,263","26,894","28,520","26,894","0.82K","1.37%"
"2015年01月30日","26,894","27,622","28,739","26,251","1.35K","-2.64%"
"2015年01月29日","27,622","27,878","31,568","26,284","0.68K","-0.92%"
"2015年01月28日","27,878","31,071","31,971","27,334","1.19K","-12.11%"
"2015年01月27日","31,719","33,630","37,076","29,757","0.79K","-3.43%"
"2015年01月26日","32,846","29,600","37,128","28,616","1.33K","13.70%"
"2015年01月24日","28,888","27,207","29,329","26,585","0.05K","6.18%"
"2015年01月23日","27,207","27,476","28,149","26,341","0.42K","-0.98%"
"2015年01月22日","27,476","26,867","28,319","24,871","0.49K","2.26%"
"2015年01月21日","26,867","24,879","27,399","24,092","0.68K","7.99%"
"2015年01月20日","24,879","24,973","25,698","23,949","1.15K","-0.38%"
"2015年01月19日","24,973","24,618","25,814","22,918","0.57K","1.44%"
"2015年01月18日","24,618","24,714","25,892","22,621","0.81K","4.99%"
"2015年01月17日","23,448","24,872","30,981","22,586","1.56K","-5.73%"
"2015年01月16日","24,872","25,327","31,230","22,828","0.97K","-1.80%"
"2015年01月15日","25,327","26,186","29,521","19,962","1.06K","18.89%"
"2015年01月14日","21,303","26,601","31,926","19,902","1.80K","-19.92%"
"2015年01月13日","26,601","32,409","32,647","26,553","2.36K","-17.22%"
"2015年01月12日","32,136","31,738","33,616","31,487","1.30K","1.25%"
"2015年01月11日","31,738","33,114","34,122","31,541","1.56K","-3.80%"
"2015年01月10日","32,993","34,244","35,005","32,875","1.20K","-3.38%"
"2015年01月09日","34,147","33,936","35,253","33,287","1.48K","-0.22%"
"2015年01月08日","34,220","34,578","35,540","33,147","0.94K","-1.03%"
"2015年01月07日","34,578","34,366","35,399","32,258","0.76K","4.23%"
"2015年01月06日","33,174","32,724","34,366","31,869","0.97K","1.38%"
"2015年01月05日","32,724","34,080","35,147","31,014","0.59K","-3.80%"
"2015年01月04日","34,015","36,997","38,018","31,061","0.17K","-9.63%"
"2015年01月03日","37,642","38,023","38,301","35,018","0.09K","-1.00%"
"2015年01月02日","38,023","38,182","38,615","37,671","1.01K","0.27%"
"2015年01月01日","37,921","38,492","38,569","37,177","0.31K","-1.48%"
"2014年12月31日","38,492","37,586","38,492","37,146","0.97K","2.09%"
"2014年12月30日","37,702","38,375","38,684","37,161","0.93K","-0.92%"
"2014年12月29日","38,051","37,948","38,828","37,487","0.00K","0.27%"
"2014年12月28日","37,948","38,066","39,462","37,451","0.12K","-0.31%"
"2014年12月27日","38,066","39,445","39,693","37,556","0.23K","-3.50%"
"2014年12月26日","39,445","38,670","39,702","37,776","0.23K","2.00%"
"2014年12月25日","38,670","39,070","40,550","38,014","0.03K","-1.02%"
"2014年12月24日","39,070","40,101","41,315","38,247","0.72K","-2.57%"
"2014年12月23日","40,101","40,071","41,119","35,965","0.56K","2.57%"
"2014年12月22日","39,098","38,327","40,242","35,855","1.45K","2.01%"
"2014年12月21日","38,327","39,062","39,543","37,171","0.28K","-1.88%"
"2014年12月20日","39,062","37,750","39,524","33,419","0.30K","3.47%"
"2014年12月19日","37,750","36,878","38,613","33,301","1.56K","2.37%"
"2014年12月18日","36,878","39,094","39,779","33,097","1.28K","-4.05%"
"2014年12月17日","38,436","38,554","40,891","37,281","1.22K","-0.31%"
"2014年12月16日","38,554","41,377","41,895","38,554","1.02K","-7.22%"
"2014年12月15日","41,555","42,061","42,268","41,058","1.16K","-1.20%"
"2014年12月14日","42,061","42,071","42,209","41,222","0.28K","-0.02%"
"2014年12月13日","42,071","42,144","42,144","41,049","0.36K","-0.17%"
"2014年12月12日","42,144","42,458","43,735","40,629","0.65K","-1.52%"
"2014年12月11日","42,795","41,657","43,849","40,208","0.22K","2.73%"
"2014年12月10日","41,657","42,451","44,297","40,990","0.52K","-1.87%"
"2014年12月09日","42,451","44,067","46,745","41,860","0.71K","-3.67%"
"2014年12月08日","44,067","45,307","46,998","44,060","1.31K","-2.74%"
"2014年12月07日","45,307","45,805","46,079","45,044","0.38K","-1.09%"
"2014年12月06日","45,805","45,799","45,999","44,730","0.44K","0.01%"
"2014年12月05日","45,799","44,502","46,157","43,990","0.65K","2.91%"
"2014年12月04日","44,502","45,326","46,371","44,197","0.87K","-1.82%"
"2014年12月03日","45,326","45,872","46,560","44,493","1.11K","-1.19%"
"2014年12月02日","45,872","45,104","46,050","44,081","1.17K","1.70%"
"2014年12月01日","45,104","45,355","45,969","44,448","1.35K","-0.55%"
"2014年11月30日","45,355","44,243","45,927","44,243","0.11K","2.51%"
"2014年11月29日","44,243","45,287","46,012","42,087","0.09K","-2.31%"
"2014年11月28日","45,287","44,117","45,287","40,101","1.03K","2.65%"
"2014年11月27日","44,117","43,442","44,888","42,938","0.71K","1.55%"
"2014年11月26日","43,442","45,071","46,014","43,433","0.39K","-3.61%"
"2014年11月25日","45,071","44,338","47,490","42,998","0.43K","1.65%"
"2014年11月24日","44,338","44,194","46,017","42,700","0.72K","0.33%"
"2014年11月23日","44,194","41,128","44,205","41,128","0.03K","7.46%"
"2014年11月22日","41,128","42,168","43,224","40,880","0.20K","-2.47%"
"2014年11月21日","42,168","42,709","46,038","40,920","0.48K","-1.27%"
"2014年11月20日","42,709","44,590","46,232","41,704","0.43K","-4.22%"
"2014年11月19日","44,590","44,376","46,241","43,207","0.62K","0.48%"
"2014年11月18日","44,376","45,348","48,669","43,292","0.57K","-2.14%"
"2014年11月17日","45,348","45,714","48,466","43,811","0.48K","-0.80%"
"2014年11月16日","45,714","44,753","46,259","43,378","0.60K","2.15%"
"2014年11月15日","44,753","46,883","47,370","43,250","0.42K","-4.54%"
"2014年11月14日","46,883","47,501","54,606","43,403","0.80K","-1.30%"
"2014年11月13日","47,501","47,732","54,454","42,251","0.74K","-0.48%"
"2014年11月12日","47,732","42,478","48,377","41,431","1.60K","12.37%"
"2014年11月11日","42,478","41,894","42,999","40,468","1.53K","1.40%"
"2014年11月10日","41,894","40,614","42,303","38,328","1.44K","3.15%"
"2014年11月09日","40,614","39,012","40,614","37,918","0.71K","4.11%"
"2014年11月08日","39,012","38,700","40,183","37,850","0.39K","0.81%"
"2014年11月07日","38,700","39,251","40,331","38,232","0.43K","-1.41%"
"2014年11月06日","39,251","38,590","40,365","37,366","1.43K","1.71%"
"2014年11月05日","38,590","37,432","39,447","36,210","0.88K","3.09%"
"2014年11月04日","37,432","37,050","38,358","35,880","1.05K","1.03%"
"2014年11月03日","37,050","36,831","38,348","34,726","0.70K","0.59%"
"2014年11月02日","36,831","35,907","37,536","35,047","0.60K","2.57%"
"2014年11月01日","35,907","37,987","39,105","35,856","0.33K","-5.48%"
"2014年10月31日","37,987","37,298","38,849","36,599","1.65K","1.85%"
"2014年10月30日","37,298","36,501","39,232","35,997","1.15K","2.18%"
"2014年10月29日","36,501","38,829","38,948","36,418","1.52K","-6.00%"
"2014年10月28日","38,829","37,757","38,979","37,180","2.17K","2.84%"
"2014年10月27日","37,757","39,402","40,288","37,145","1.75K","-4.17%"
"2014年10月26日","39,402","37,741","40,342","37,421","0.53K","4.40%"
"2014年10月25日","37,741","38,986","39,147","37,200","0.61K","-3.19%"
"2014年10月24日","38,986","38,699","41,409","37,589","0.74K","0.74%"
"2014年10月23日","38,699","41,470","42,156","38,230","0.86K","-6.68%"
"2014年10月22日","41,470","41,478","41,812","39,062","1.05K","-0.02%"
"2014年10月21日","41,478","41,163","42,076","39,404","0.95K","0.76%"
"2014年10月20日","41,163","41,421","41,538","39,752","1.31K","-0.62%"
"2014年10月19日","41,421","41,046","41,421","37,666","0.07K","0.91%"
"2014年10月18日","41,046","40,466","41,055","37,028","0.56K","1.43%"
"2014年10月17日","40,466","39,795","42,322","32,871","2.08K","1.69%"
"2014年10月16日","39,795","41,400","42,725","39,736","2.17K","-3.88%"
"2014年10月15日","41,400","43,431","43,761","41,030","1.39K","-4.68%"
"2014年10月14日","43,431","40,774","43,817","37,748","1.36K","6.52%"
"2014年10月13日","40,774","39,192","40,977","36,847","1.72K","4.04%"
"2014年10月12日","39,192","38,769","39,528","36,624","0.73K","1.09%"
"2014年10月11日","38,769","38,697","40,276","33,334","0.77K","0.19%"
"2014年10月10日","38,697","39,152","41,521","33,169","1.32K","-1.16%"
"2014年10月09日","39,152","39,084","42,181","35,682","1.18K","0.17%"
"2014年10月08日","39,084","36,601","39,084","32,754","1.35K","6.79%"
"2014年10月07日","36,601","35,963","40,360","32,762","1.46K","0.20%"
"2014年10月06日","36,529","36,286","39,177","31,952","0.76K","0.67%"
"2014年10月05日","36,286","36,180","40,116","32,070","0.57K","0.29%"
"2014年10月04日","36,180","39,748","41,394","35,840","0.52K","-8.98%"
"2014年10月03日","39,748","40,952","41,899","39,507","1.33K","-2.94%"
"2014年10月02日","40,952","41,370","42,264","39,709","0.77K","-1.01%"
"2014年10月01日","41,370","43,712","43,835","40,503","0.34K","-5.36%"
"2014年09月30日","43,712","40,996","43,737","39,851","1.47K","6.63%"
"2014年09月29日","40,996","41,790","44,277","37,558","1.27K","-1.90%"
"2014年09月28日","41,790","44,509","44,529","41,555","0.46K","-6.11%"
"2014年09月27日","44,509","44,241","44,819","43,093","0.92K","0.61%"
"2014年09月26日","44,241","44,355","45,515","43,362","1.83K","-0.26%"
"2014年09月25日","44,355","46,559","48,542","42,937","1.88K","-4.73%"
"2014年09月24日","46,559","47,682","50,296","42,347","1.80K","-2.36%"
"2014年09月23日","47,682","42,978","50,223","42,060","2.19K","10.95%"
"2014年09月22日","42,978","44,370","44,639","41,357","0.48K","-3.14%"
"2014年09月21日","44,370","43,939","45,871","41,234","0.58K","0.98%"
"2014年09月20日","43,939","43,370","46,160","42,253","0.26K","1.31%"
"2014年09月19日","43,370","45,779","52,882","41,302","0.88K","-5.26%"
"2014年09月18日","45,779","48,559","52,882","45,020","1.07K","-5.73%"
"2014年09月17日","48,559","49,299","50,653","47,561","0.91K","-1.50%"